s_no,de_date,email_id,user_name,password
1,2025-01-01 00:54:59,lisaheath105@gmail.com,lisaheath105,EpB@u0uz+3Vm
2,2025-01-01 02:59:37,reginapeck642@gmail.com,reginapeck642,H!1Ej7d@X(6k
3,2025-01-01 04:11:52,bobbyproctor343@gmail.com,bobbyproctor343,%Iaf5br^5tSq
4,2025-01-01 05:03:27,taylorgarrison876@gmail.com,taylorgarrison876,a*HWXk_O5I3v
5,2025-01-01 05:08:01,christinewilliams664@gmail.com,christinewilliams664,q^&31StkC*fI
6,2025-01-01 06:17:48,brendaphillips560@gmail.com,brendaphillips560,!LJ1Z9l@nB2M
7,2025-01-01 07:32:18,lisadavis808@gmail.com,lisadavis808,j9Oxt!od_lo!
8,2025-01-01 08:51:13,adrianawilson318@gmail.com,adrianawilson318,HG06CgjA+PfA
9,2025-01-01 09:51:09,carrieburns507@gmail.com,carrieburns507,MJ(!Dirx)O4q
10,2025-01-01 11:14:20,christopherevans505@gmail.com,christopherevans505,DYM%)MjrLr0h
11,2025-01-01 11:27:43,ellenballard394@gmail.com,ellenballard394,4d9S8ni7W#C3
12,2025-01-01 16:15:19,cynthiagreer396@gmail.com,cynthiagreer396,_Ipw*ErwN8E5
13,2025-01-01 17:17:39,ryanrocha932@gmail.com,ryanrocha932,zK4HUeK(k)JD
14,2025-01-01 18:29:29,garywhite822@gmail.com,garywhite822,1^%VXjHdhV7y
15,2025-01-01 18:38:08,nicholasgonzalez656@gmail.com,nicholasgonzalez656,L8tbnDtl*lTS
16,2025-01-01 19:15:52,rebeccajackson997@gmail.com,rebeccajackson997,2*ddstFw@47l
17,2025-01-01 19:47:35,sarahall566@gmail.com,sarahall566,!7R%ffjmA3pz
18,2025-01-01 22:54:23,ashleyholmes509@gmail.com,ashleyholmes509,^06FtbDi8L(F
19,2025-01-02 01:30:09,andreabonilla387@gmail.com,andreabonilla387,wnIh@po!$5)F
20,2025-01-02 03:32:36,thomassmith325@gmail.com,thomassmith325,&h1I+sJY8_4b
21,2025-01-02 03:40:39,jeffreyoneal984@gmail.com,jeffreyoneal984,l323S_Fj^2Jy
22,2025-01-02 05:25:25,michaelolson191@gmail.com,michaelolson191,&l_Gi+ih2pe9
23,2025-01-02 09:25:34,kimberlysmith445@gmail.com,kimberlysmith445,^ekoklHmc(a2
24,2025-01-02 10:22:04,geralddickerson617@gmail.com,geralddickerson617,^40Xok!LH+@w
25,2025-01-02 14:18:59,rogermoore894@gmail.com,rogermoore894,2Ax%iReP^H3Q
26,2025-01-02 15:03:28,shelbyedwards119@gmail.com,shelbyedwards119,f5(f)3Cy%*lI
27,2025-01-02 15:44:58,tracyfranklin234@gmail.com,tracyfranklin234,qe+OsD%c*9fN
28,2025-01-02 16:29:13,garybean436@gmail.com,garybean436,!I3Mj7FC^B3+
29,2025-01-02 17:54:26,coreyjohnson644@gmail.com,coreyjohnson644,X7(Q3Lsw+wbR
30,2025-01-02 18:55:12,jamiehogan141@gmail.com,jamiehogan141,*9+OCLcNC4z0
31,2025-01-02 19:48:01,samanthaeverett991@gmail.com,samanthaeverett991,(0H%k3E#Swi1
32,2025-01-03 01:44:23,kristenlee103@gmail.com,kristenlee103,*2hT6wkP5xPo
33,2025-01-03 02:12:38,kellykirk520@gmail.com,kellykirk520,7&l&y6x11A4K
34,2025-01-03 02:26:24,michaelaguilar360@gmail.com,michaelaguilar360,@p49%k4j914K
35,2025-01-03 03:25:30,johnhayes836@gmail.com,johnhayes836,_^Q6hZaWEN1^
36,2025-01-03 04:37:37,sabrinaolson602@gmail.com,sabrinaolson602,*1oE%^rfQ9d(
37,2025-01-03 05:52:25,brandonhuff837@gmail.com,brandonhuff837,mZ(4RGLdYN(8
38,2025-01-03 12:08:53,scottjohnson438@gmail.com,scottjohnson438,0**md6DyvL^9
39,2025-01-03 12:32:29,matthewjohnson536@gmail.com,matthewjohnson536,n7pGBl%g!_Ze
40,2025-01-03 12:44:28,kimberlyzimmerman869@gmail.com,kimberlyzimmerman869,jAch8RRvkHC^
41,2025-01-03 15:09:35,amandadavis492@gmail.com,amandadavis492,yDzvAPhdY&O8
42,2025-01-03 19:43:33,michaeltucker164@gmail.com,michaeltucker164,2#5jxnNwrJFp
43,2025-01-03 20:33:58,christymccarthy999@gmail.com,christymccarthy999,Y#6MWa49cjb4
44,2025-01-03 22:28:05,deniseward615@gmail.com,deniseward615,y7cOUzymUZz)
45,2025-01-03 23:54:51,thomasjones859@gmail.com,thomasjones859,(kYmOlex(401
46,2025-01-04 03:39:57,kellyjohnson171@gmail.com,kellyjohnson171,#NAME?
47,2025-01-04 04:53:02,williemorrison728@gmail.com,williemorrison728,g)A+FLiFqh1o
48,2025-01-04 09:28:37,jessicapeterson154@gmail.com,jessicapeterson154,mSBnMuby$7HA
49,2025-01-04 13:14:07,davidtate210@gmail.com,davidtate210,*6Z4CtOR15CX
50,2025-01-04 13:26:54,tanyaphillips212@gmail.com,tanyaphillips212,L!1pIm@Psu*)
51,2025-01-04 15:04:34,paulgarner703@gmail.com,paulgarner703,&6x(JSnxyq9(
52,2025-01-04 17:48:23,rebeccaparks158@gmail.com,rebeccaparks158,Ur%Leqiq(d19
53,2025-01-04 20:15:42,elizabethmelton170@gmail.com,elizabethmelton170,zq*5SaaUW$T^
54,2025-01-04 20:36:13,adammarshall600@gmail.com,adammarshall600,!1*U1SbuOzl2
55,2025-01-04 20:41:53,elizabethmiller772@gmail.com,elizabethmiller772,_cRzVSMYa00W
56,2025-01-04 21:57:26,staceybennett917@gmail.com,staceybennett917,+FxX9nHn^T(e
57,2025-01-04 22:05:47,christopherfriedman218@gmail.com,christopherfriedman218,fCOg0dne2&2M
58,2025-01-04 23:18:24,bryanwright563@gmail.com,bryanwright563,%Hn3EK)n8qZj
59,2025-01-05 00:53:17,jeffreycunningham823@gmail.com,jeffreycunningham823,xB2KqVobru!j
60,2025-01-05 02:35:03,francislara451@gmail.com,francislara451,046Wm62Hl!7g
61,2025-01-05 05:46:38,lisalee710@gmail.com,lisalee710,1*Dk78Len_&6
62,2025-01-05 08:48:19,jenniferortiz494@gmail.com,jenniferortiz494,g1rJM#pz!lhT
63,2025-01-05 09:04:50,sonyaspears796@gmail.com,sonyaspears796,F8tU)JN7$oui
64,2025-01-05 10:12:18,wendymorris954@gmail.com,wendymorris954,9DqW8Dd7_IRn
65,2025-01-05 12:56:37,shelleyruiz859@gmail.com,shelleyruiz859,$88UUvL&rYoL
66,2025-01-05 22:34:24,tonyanderson297@gmail.com,tonyanderson297,FgXEu5c_&2FY
67,2025-01-06 00:43:00,patriciashannon129@gmail.com,patriciashannon129,_y&QfmwbO2g^
68,2025-01-06 00:57:12,bethfranco880@gmail.com,bethfranco880,*D_P5Xz*W3VE
69,2025-01-06 03:09:54,richardcline153@gmail.com,richardcline153,!IK4z5q2uE9%
70,2025-01-06 03:56:11,michellele566@gmail.com,michellele566,p%qfZ+TqaC%9
71,2025-01-06 04:07:28,deborahbailey732@gmail.com,deborahbailey732,^dePuJzkj0ui
72,2025-01-06 05:04:16,mariaford623@gmail.com,mariaford623,B%CMzBp_WB75
73,2025-01-06 05:36:48,mitchellvillarreal326@gmail.com,mitchellvillarreal326,4g9cQjihC(OA
74,2025-01-06 06:41:49,deborahstewart271@gmail.com,deborahstewart271,z+QLMtqqm9J3
75,2025-01-06 09:56:32,marybruce887@gmail.com,marybruce887,^5KYuwZt4)lE
76,2025-01-06 10:57:10,robertallen400@gmail.com,robertallen400,g(3cCJ%q(#Mq
77,2025-01-06 13:22:36,daniellewood502@gmail.com,daniellewood502,G5%N8$zR*1Fj
78,2025-01-06 14:13:34,devinstrong958@gmail.com,devinstrong958,P(g90Wh&KXB5
79,2025-01-06 14:53:18,heidifarmer168@gmail.com,heidifarmer168,&o!9jNLg8dpJ
80,2025-01-06 17:53:14,joannawells638@gmail.com,joannawells638,*y6nDTUg^xqw
81,2025-01-06 19:02:00,scottramirez679@gmail.com,scottramirez679,%_MD@QkS9MUb
82,2025-01-06 21:16:21,nicolegreer607@gmail.com,nicolegreer607,5%5AqhSqqF#&
83,2025-01-06 22:05:04,tonymarshall695@gmail.com,tonymarshall695,%&RZ$X1687ac
84,2025-01-07 03:02:11,earlclark345@gmail.com,earlclark345,+69+L$kpm38n
85,2025-01-07 03:33:21,matthewjohnson967@gmail.com,matthewjohnson967,Hi0Lnl0!C!*P
86,2025-01-07 09:58:29,scottreynolds511@gmail.com,scottreynolds511,5e7O#0q0&TE*
87,2025-01-07 11:15:11,adampetersen334@gmail.com,adampetersen334,#3aSCpg_QAV_
88,2025-01-07 11:49:33,jimmyriddle240@gmail.com,jimmyriddle240,GQ3Y5iMEP2_b
89,2025-01-07 14:02:02,michaelweeks903@gmail.com,michaelweeks903,4%8YA+sXA&lC
90,2025-01-07 14:41:07,michaelschultz204@gmail.com,michaelschultz204,@NRCEWOr#4&f
91,2025-01-07 16:37:43,dariusgraham257@gmail.com,dariusgraham257,((A+rSMlLR3$
92,2025-01-07 18:35:41,hollybell956@gmail.com,hollybell956,4)H)nBxc3u9A
93,2025-01-07 19:11:37,jaredpham252@gmail.com,jaredpham252,(bsKqra&2Gqc
94,2025-01-07 19:25:33,samuelthompson547@gmail.com,samuelthompson547,m&I*jQkEW+0B
95,2025-01-07 19:45:25,morganrodriguez285@gmail.com,morganrodriguez285,(6euc+UkBAqr
96,2025-01-07 20:46:21,angelajohnson695@gmail.com,angelajohnson695,30MYvp85!%4n
97,2025-01-07 22:07:15,codywilcox915@gmail.com,codywilcox915,_+VGfh@E^59%
98,2025-01-07 23:14:21,ryanmiller883@gmail.com,ryanmiller883,$%IjGat%2j@e
99,2025-01-07 23:39:35,lindseyrodriguez784@gmail.com,lindseyrodriguez784,4IYl#g8a*+yE
100,2025-01-07 23:53:11,aprilpeterson836@gmail.com,aprilpeterson836,@DgC4aLk^R49
101,2025-01-08 02:12:06,debramcpherson416@gmail.com,debramcpherson416,^1&0Z%QErmnG
102,2025-01-08 10:58:18,jasonboyd469@gmail.com,jasonboyd469,%@!4jVsP26sG
103,2025-01-08 14:55:05,elizabethatkins908@gmail.com,elizabethatkins908,)7lf%MV8eJNI
104,2025-01-08 15:15:10,andrecochran455@gmail.com,andrecochran455,_3SvGOy*!GWJ
105,2025-01-08 15:43:28,louisking764@gmail.com,louisking764,__0nIlri+3*M
106,2025-01-08 15:59:04,evelynyates375@gmail.com,evelynyates375,7yPiS1WJ&msw
107,2025-01-08 17:25:19,amywebster216@gmail.com,amywebster216,)DpFxoYxC#4W
108,2025-01-08 17:42:04,jorgecontreras712@gmail.com,jorgecontreras712,vZ)(RXRs1PV4
109,2025-01-08 20:27:58,mitchellball305@gmail.com,mitchellball305,6%F4M_avdn13
110,2025-01-08 21:33:59,matthewjames533@gmail.com,matthewjames533,YmPRtI4y%627
111,2025-01-09 01:18:44,michaelspencer749@gmail.com,michaelspencer749,)1$86yH)B$Lv
112,2025-01-09 02:23:34,gordonmurphy308@gmail.com,gordonmurphy308,##3MvWkgPR6Q
113,2025-01-09 03:18:30,jennifertate131@gmail.com,jennifertate131,1tx^i*r_!7BW
114,2025-01-09 04:16:33,georgewood304@gmail.com,georgewood304,3ChRRiLw5(o6
115,2025-01-09 04:21:22,randycowan952@gmail.com,randycowan952,@!PF676J5t3P
116,2025-01-09 04:32:27,robertcoffey558@gmail.com,robertcoffey558,J^%RNLceLH6l
117,2025-01-09 04:45:41,timothymontoya380@gmail.com,timothymontoya380,wMK8QVwd$(9y
118,2025-01-09 04:46:42,kellyestes548@gmail.com,kellyestes548,g7u*(kVh+*6J
119,2025-01-09 05:14:34,rebeccamckinney746@gmail.com,rebeccamckinney746,j5tR8Z%e%zTQ
120,2025-01-09 06:12:09,cathyweaver336@gmail.com,cathyweaver336,Zl^00Jih##7_
121,2025-01-09 12:15:34,rebeccahorne842@gmail.com,rebeccahorne842,f@3CzwIm*t99
122,2025-01-09 13:54:15,melanieharding274@gmail.com,melanieharding274,@sE@OAyK%It6
123,2025-01-09 19:06:17,jasonrobinson844@gmail.com,jasonrobinson844,_GVr0sro+O4D
124,2025-01-09 19:27:37,michellepeters238@gmail.com,michellepeters238,Qo$7QPfKMHB2
125,2025-01-09 20:21:03,cherylwarren895@gmail.com,cherylwarren895,B%DhsFiM7Gc2
126,2025-01-09 20:44:01,jonathanlee993@gmail.com,jonathanlee993,&10!0s$eW@aR
127,2025-01-09 23:24:51,johnnylong809@gmail.com,johnnylong809,9ZnwYOjTC__8
128,2025-01-10 02:59:12,angelalewis782@gmail.com,angelalewis782,G)L3BQRxSFqq
129,2025-01-10 04:00:00,stephentaylor263@gmail.com,stephentaylor263,Q_fbrGkrswg2
130,2025-01-10 13:57:00,kevinjohnson101@gmail.com,kevinjohnson101,TShn1J_jpF!o
131,2025-01-10 14:13:01,patrickholder572@gmail.com,patrickholder572,g%UKjj6i#2J^
132,2025-01-10 16:25:22,christopherdiaz852@gmail.com,christopherdiaz852,EUDX_T5d)$8O
133,2025-01-10 16:52:12,tonyaowens713@gmail.com,tonyaowens713,+!74@9QgFb9#
134,2025-01-10 18:27:16,michaelrubio531@gmail.com,michaelrubio531,V)$1XpHIA*CI
135,2025-01-10 20:52:51,tinapeterson776@gmail.com,tinapeterson776,S3zRWHOJ_j9y
136,2025-01-11 00:09:37,lisabanks338@gmail.com,lisabanks338,$a7DItqeU3+^
137,2025-01-11 00:45:26,edwardcollins150@gmail.com,edwardcollins150,PJ1ay3#aT+rp
138,2025-01-11 00:57:53,timothyrios818@gmail.com,timothyrios818,^V!3Rd4Uz#9K
139,2025-01-11 01:17:30,staceyochoa761@gmail.com,staceyochoa761,v#Cn5jEi%XXr
140,2025-01-11 02:16:49,nathanhill874@gmail.com,nathanhill874,2x4tbyz0*2BW
141,2025-01-11 02:58:18,lindaanderson297@gmail.com,lindaanderson297,%Bd@D0XzXZ99
142,2025-01-11 04:42:45,ryanarcher271@gmail.com,ryanarcher271,aJu5qz*4#gxI
143,2025-01-11 06:33:43,douglasdonaldson918@gmail.com,douglasdonaldson918,^A5$fgyua)XC
144,2025-01-11 06:41:42,jacquelinewalls652@gmail.com,jacquelinewalls652,h5MY%y&4&V$6
145,2025-01-11 07:25:15,christopherpeterson926@gmail.com,christopherpeterson926,u1psr3lW#*4W
146,2025-01-11 08:16:33,ravensmith785@gmail.com,ravensmith785,LQ!4Dce@2$Zv
147,2025-01-11 08:19:14,leahgarcia171@gmail.com,leahgarcia171,7CgWm4zf$10$
148,2025-01-11 08:38:01,jamesross660@gmail.com,jamesross660,0%8#gh9IVPBK
149,2025-01-11 10:30:25,jonathanriddle444@gmail.com,jonathanriddle444,kwhO6jGa^5GY
150,2025-01-11 11:10:31,amandamcmahon483@gmail.com,amandamcmahon483,X%iX5#n0^z2D
151,2025-01-11 12:33:15,brittanymcdonald818@gmail.com,brittanymcdonald818,i*3FbCHAcZ_R
152,2025-01-11 13:10:51,cynthiamccarthy195@gmail.com,cynthiamccarthy195,!DvSZNNr6RV7
153,2025-01-11 14:24:19,anthonylin213@gmail.com,anthonylin213,!8qH(#cX8$Q(
154,2025-01-11 16:56:06,robertnguyen161@gmail.com,robertnguyen161,!NdnoBTs18F&
155,2025-01-11 19:12:33,rickyduke845@gmail.com,rickyduke845,3i5^DS2lM_TJ
156,2025-01-11 21:48:27,sarahsmith130@gmail.com,sarahsmith130,pmxKmNrjf#8I
157,2025-01-12 00:45:12,robertlozano751@gmail.com,robertlozano751,5mEz3Htvc3*v
158,2025-01-12 00:53:50,jacquelinecox916@gmail.com,jacquelinecox916,M(S2*1kx1+6R
159,2025-01-12 05:03:27,ryansalazar294@gmail.com,ryansalazar294,_lypXRiU_j19
160,2025-01-12 06:22:30,oliviaholland242@gmail.com,oliviaholland242,b62WwN4sa%5E
161,2025-01-12 06:55:12,jenniferrodriguez975@gmail.com,jenniferrodriguez975,#+SInL4uL45I
162,2025-01-12 07:12:34,jonathancohen126@gmail.com,jonathancohen126,&xLyYlEgR!K3
163,2025-01-12 10:49:09,thomasgarrett663@gmail.com,thomasgarrett663,$qq2KjzaY#^^
164,2025-01-12 12:05:31,jeremybrooks362@gmail.com,jeremybrooks362,GSI#hB#*v7Je
165,2025-01-12 12:53:47,markreynolds786@gmail.com,markreynolds786,zjzS6Y&oE#xR
166,2025-01-12 12:57:42,karenhunter838@gmail.com,karenhunter838,_jEeRWc^z0go
167,2025-01-12 13:27:43,paulapearson483@gmail.com,paulapearson483,n!a2Gnh5B#A#
168,2025-01-12 13:41:24,bradleykim618@gmail.com,bradleykim618,_*XLP0rF+n7K
169,2025-01-12 15:30:01,stevensmith134@gmail.com,stevensmith134,bZ)7U2fv+p0l
170,2025-01-12 17:09:35,johnathanfleming625@gmail.com,johnathanfleming625,#9Iwpy#mE3!$
171,2025-01-12 17:41:09,nicolemartin886@gmail.com,nicolemartin886,8I#1MmBMXE2e
172,2025-01-12 18:33:06,maryjordan877@gmail.com,maryjordan877,IyUcGXUG((f2
173,2025-01-12 19:47:18,lorraineshaw588@gmail.com,lorraineshaw588,4*zp0NZe%Q0l
174,2025-01-12 20:46:47,markconner988@gmail.com,markconner988,B#tg$IVO&9U1
175,2025-01-12 21:15:13,keithyates589@gmail.com,keithyates589,0PQamLOY(T9e
176,2025-01-12 21:54:40,jamespeters890@gmail.com,jamespeters890,bqn%Rdkk@P5G
177,2025-01-12 23:12:12,wayneboyd760@gmail.com,wayneboyd760,uq4_ARtg0Z%h
178,2025-01-12 23:34:32,nicolemorris353@gmail.com,nicolemorris353,v44Q(w7cG(J%
179,2025-01-13 01:09:14,matthewsanchez918@gmail.com,matthewsanchez918,S0M0jKVbT%&%
180,2025-01-13 02:16:37,vickietorres136@gmail.com,vickietorres136,EYR17e4m@6UG
181,2025-01-13 06:18:39,normalawrence535@gmail.com,normalawrence535,36GrJ(+n$Nft
182,2025-01-13 06:19:47,shawnsparks618@gmail.com,shawnsparks618,MSzWT1s9)u6z
183,2025-01-13 09:15:26,melissamills237@gmail.com,melissamills237,HT!4P4Wq5#25
184,2025-01-13 11:08:17,kathleenward500@gmail.com,kathleenward500,8w6m+^O5%zHY
185,2025-01-13 13:20:40,mariataylor753@gmail.com,mariataylor753,v*1(kyKl!80T
186,2025-01-13 14:17:16,michaelparks317@gmail.com,michaelparks317,QiHNJxoV@53%
187,2025-01-13 17:38:45,kendraallen761@gmail.com,kendraallen761,#4PZO4s9#5(&
188,2025-01-13 17:59:15,reginaprice413@gmail.com,reginaprice413,0H3YtzMaZ$Fj
189,2025-01-13 18:08:21,denisegibson385@gmail.com,denisegibson385,SF!5IWMi)y8k
190,2025-01-13 19:49:40,haleythomas491@gmail.com,haleythomas491,ke_Z3DCznO!l
191,2025-01-13 20:46:50,melanieadams415@gmail.com,melanieadams415,E&Pf5F@lhHq1
192,2025-01-13 22:12:07,jenniferewing393@gmail.com,jenniferewing393,^vDm*J_k47Fc
193,2025-01-14 02:10:37,jeffreycraig320@gmail.com,jeffreycraig320,_JmAjJAd5o4W
194,2025-01-14 03:50:55,chadmedina943@gmail.com,chadmedina943,Tap*xmPkD3_X
195,2025-01-14 05:22:28,jamesguzman980@gmail.com,jamesguzman980,R^%N1G#zQFOU
196,2025-01-14 06:12:44,jonathanvillegas714@gmail.com,jonathanvillegas714,!9lPFvbBS77Y
197,2025-01-14 07:11:07,jessicawilliams868@gmail.com,jessicawilliams868,(Y92TE$t$ILW
198,2025-01-14 07:40:31,brianjackson313@gmail.com,brianjackson313,%0(Qbxvu#v9+
199,2025-01-14 11:32:50,sandrariggs503@gmail.com,sandrariggs503,z&hkjy28+6X0
200,2025-01-14 12:42:03,tabithafuller357@gmail.com,tabithafuller357,r6MqLZiF%f)t
201,2025-01-14 14:59:11,paulhernandez337@gmail.com,paulhernandez337,!k@1taFp2FEo
202,2025-01-14 15:38:16,seanwolf436@gmail.com,seanwolf436,+*C3Rx+_&mN0
203,2025-01-14 18:51:48,larrythomas869@gmail.com,larrythomas869,o_ZvDjtMBfi0
204,2025-01-14 20:08:37,dianastevens108@gmail.com,dianastevens108,e+yBhYtd(3A*
205,2025-01-15 01:12:54,josephwhitehead172@gmail.com,josephwhitehead172,A40Kco6lf7F!
206,2025-01-15 01:36:08,johnjohnson289@gmail.com,johnjohnson289,V*9Q1W6F#o%@
207,2025-01-15 01:52:40,denisemartinez916@gmail.com,denisemartinez916,e9aVC^ax+o+Q
208,2025-01-15 03:07:44,amandabaker391@gmail.com,amandabaker391,+6Si0Q!hQcLf
209,2025-01-15 06:36:20,ellenjoseph820@gmail.com,ellenjoseph820,@wkTd+E02!9L
210,2025-01-15 06:53:17,codytaylor924@gmail.com,codytaylor924,I6dEsFkV&%4h
211,2025-01-15 07:54:43,bryanhall757@gmail.com,bryanhall757,!*4PHwF8+G97
212,2025-01-15 11:21:55,sonyabrown201@gmail.com,sonyabrown201,Q2RKMigv+o_U
213,2025-01-15 14:20:29,tristannelson426@gmail.com,tristannelson426,VJFKHjU4)d84
214,2025-01-15 16:44:54,garyeverett700@gmail.com,garyeverett700,#z4YekOW!HT2
215,2025-01-15 17:59:45,amandawalton902@gmail.com,amandawalton902,!!^8uDetzMh1
216,2025-01-15 21:30:14,austinmyers119@gmail.com,austinmyers119,WSzJ5N^b@Ebz
217,2025-01-16 00:07:53,brettdixon376@gmail.com,brettdixon376,UkABbgZs4pa_
218,2025-01-16 00:41:43,jamestorres363@gmail.com,jamestorres363,$KupIqDf9&i+
219,2025-01-16 00:54:46,robertapeck466@gmail.com,robertapeck466,jpeNoFV+^4Xf
220,2025-01-16 04:26:31,kristenolson209@gmail.com,kristenolson209,5+F8HwC*6K*j
221,2025-01-16 05:39:07,paulshelton343@gmail.com,paulshelton343,&DMr2C8at2J!
222,2025-01-16 06:03:02,kevintaylor901@gmail.com,kevintaylor901,+1PzYhcs73Zm
223,2025-01-16 07:07:57,mirandagarcia653@gmail.com,mirandagarcia653,*fRBQ5FFD&el
224,2025-01-16 09:44:04,christinawilliams305@gmail.com,christinawilliams305,_y8n3@5d1m@D
225,2025-01-16 13:30:26,michellenelson409@gmail.com,michellenelson409,Nd#E0y&#+976
226,2025-01-16 14:03:09,elizabethjackson973@gmail.com,elizabethjackson973,6E^KyAdP&4JK
227,2025-01-16 14:06:44,deborahwilliams688@gmail.com,deborahwilliams688,(MuCicOW0(MK
228,2025-01-16 14:47:06,taylorcampbell119@gmail.com,taylorcampbell119,$otI_F@mp2YD
229,2025-01-16 14:59:38,carolmacdonald975@gmail.com,carolmacdonald975,M)0^tY*w8LNz
230,2025-01-16 16:57:43,jefferynash761@gmail.com,jefferynash761,M9r8nafy*UFU
231,2025-01-16 17:26:31,shawnskinner680@gmail.com,shawnskinner680,+vE4mlO3_8#l
232,2025-01-16 17:58:58,debralarsen664@gmail.com,debralarsen664,$FF_gIj@l8OD
233,2025-01-16 18:02:29,markevans351@gmail.com,markevans351,$6mCEN(ws1ZP
234,2025-01-16 21:01:37,troybennett202@gmail.com,troybennett202,*c9QOp)edMzR
235,2025-01-16 23:29:06,williampetersen744@gmail.com,williampetersen744,7TK3x2On!lZs
236,2025-01-17 00:20:53,stephengarcia267@gmail.com,stephengarcia267,(7Vhx#70P7jk
237,2025-01-17 00:54:59,patrickzhang148@gmail.com,patrickzhang148,*8q7TkgqWw^H
238,2025-01-17 01:21:43,jacobjacobson483@gmail.com,jacobjacobson483,^1QWWzGe_E8F
239,2025-01-17 09:52:02,adriennejones601@gmail.com,adriennejones601,m)n+LU9t@1nN
240,2025-01-17 10:51:32,catherinegeorge622@gmail.com,catherinegeorge622,MH9Bf3)_7f*d
241,2025-01-17 11:36:56,nicholaskim841@gmail.com,nicholaskim841,k+3_L9jL3e5K
242,2025-01-17 11:43:38,spencerweber150@gmail.com,spencerweber150,$zUnKw8t23Hs
243,2025-01-17 15:57:07,joshuamadden308@gmail.com,joshuamadden308,(fWlHvIf90(6
244,2025-01-17 16:08:02,richardhampton317@gmail.com,richardhampton317,48y7N6DiRV$*
245,2025-01-17 17:12:30,jamiepacheco796@gmail.com,jamiepacheco796,9z3_xfCfD#4E
246,2025-01-17 17:21:44,brookesimmons627@gmail.com,brookesimmons627,r8nH1AHu#OAV
247,2025-01-17 18:05:25,jillianlynch543@gmail.com,jillianlynch543,331RTwfhk@y!
248,2025-01-17 19:32:22,alyssaharrington389@gmail.com,alyssaharrington389,)n5R2fS1*+fi
249,2025-01-17 20:02:55,laurapowell865@gmail.com,laurapowell865,eKn46Q9xu^U(
250,2025-01-17 21:17:09,jacquelinewise958@gmail.com,jacquelinewise958,)8eQKqyi^ZXw
251,2025-01-17 21:41:06,johnwilliams125@gmail.com,johnwilliams125,Laz2GH62)9JD
252,2025-01-17 23:56:50,gabrielward440@gmail.com,gabrielward440,7#53a2wzl)SP
253,2025-01-17 23:57:57,nathanielhamilton238@gmail.com,nathanielhamilton238,(*!_ZUll4QC9
254,2025-01-18 00:04:15,lynnewing124@gmail.com,lynnewing124,6M(u&(1#NQT%
255,2025-01-18 00:23:51,amandaking358@gmail.com,amandaking358,6C5Z@$QuY+78
256,2025-01-18 01:04:40,chadschaefer605@gmail.com,chadschaefer605,Y51HQemwEq_g
257,2025-01-18 01:47:48,jacobwest278@gmail.com,jacobwest278,#9%T4kmhnXZ5
258,2025-01-18 03:18:30,christophergardner684@gmail.com,christophergardner684,g$1*3Rvjfj@n
259,2025-01-18 05:17:18,douglaswilson797@gmail.com,douglaswilson797,CPrkHLs9$6OU
260,2025-01-18 08:38:45,karenwillis979@gmail.com,karenwillis979,$swhnWltDaK9
261,2025-01-18 09:43:15,shaunlynch676@gmail.com,shaunlynch676,9mEi&jnI@Mpd
262,2025-01-18 19:56:27,kimberlyevans620@gmail.com,kimberlyevans620,%BvAwGo1_4nQ
263,2025-01-18 20:12:14,sierrahayes266@gmail.com,sierrahayes266,$2uOGs)D5U@g
264,2025-01-18 20:32:42,richardstein546@gmail.com,richardstein546,qb33MlLr&UI_
265,2025-01-18 21:17:39,billyhawkins924@gmail.com,billyhawkins924,18(xDew6F6E6
266,2025-01-18 21:19:19,jamesbird622@gmail.com,jamesbird622,#KiAG2s6%R3N
267,2025-01-18 21:32:03,alexanderjackson794@gmail.com,alexanderjackson794,$Zk7KKrhM5s4
268,2025-01-18 23:10:47,jenniferarcher758@gmail.com,jenniferarcher758,&8pNojieXy&Z
269,2025-01-19 00:50:47,alyssabanks569@gmail.com,alyssabanks569,i3zkAfZ^#3d%
270,2025-01-19 01:22:52,claireharris184@gmail.com,claireharris184,ZJ7HXiVgoC)W
271,2025-01-19 02:08:44,luisjohnson267@gmail.com,luisjohnson267,W%4^5FyrUXv+
272,2025-01-19 03:32:31,susanjacobs283@gmail.com,susanjacobs283,KEzZjOnhD+8(
273,2025-01-19 04:17:33,davidbarton348@gmail.com,davidbarton348,uR$vXh@g^#l8
274,2025-01-19 06:35:06,samueljohnson770@gmail.com,samueljohnson770,S7O$5R2asBBh
275,2025-01-19 08:14:56,vanessaperez330@gmail.com,vanessaperez330,@#AuxI$79W5Q
276,2025-01-19 09:36:33,antoniobennett277@gmail.com,antoniobennett277,2HGShksN4Z8!
277,2025-01-19 12:11:19,stephaniecole889@gmail.com,stephaniecole889,_$8xOIas&40r
278,2025-01-19 13:08:51,williamhughes554@gmail.com,williamhughes554,*Y2pLwW$ThTc
279,2025-01-19 14:36:08,sharonthompson301@gmail.com,sharonthompson301,(84E%2hS_@P7
280,2025-01-19 17:02:14,kevinyoung331@gmail.com,kevinyoung331,vo$IZibq(J4!
281,2025-01-19 18:23:35,jaredstewart669@gmail.com,jaredstewart669,x^8QDyNpHiw2
282,2025-01-19 18:31:28,andrewhart337@gmail.com,andrewhart337,r29IxgNlZk4@
283,2025-01-19 19:19:27,madisonmorrow241@gmail.com,madisonmorrow241,rw#m7qSavcAZ
284,2025-01-19 20:09:15,garycannon871@gmail.com,garycannon871,WhZHl(*6(17H
285,2025-01-20 00:19:37,thomasramsey946@gmail.com,thomasramsey946,M^14OTGkyEtM
286,2025-01-20 00:20:36,juanbrooks170@gmail.com,juanbrooks170,LKF4Ao1L_pwI
287,2025-01-20 00:53:52,rogerball748@gmail.com,rogerball748,m*7g4PfhE8Jc
288,2025-01-20 01:19:16,tammymiller503@gmail.com,tammymiller503,$k8JQ9n&f&ZO
289,2025-01-20 01:56:01,jorgewoods683@gmail.com,jorgewoods683,&3%LHA1Zh80S
290,2025-01-20 07:26:49,denisefischer248@gmail.com,denisefischer248,P@iOLuhu7D54
291,2025-01-20 07:41:33,edgarscott214@gmail.com,edgarscott214,O#5%REVnS464
292,2025-01-20 07:54:47,josephgarcia317@gmail.com,josephgarcia317,yCzREhjQt(U4
293,2025-01-20 08:15:24,toddhenson682@gmail.com,toddhenson682,KBTKPO7q_1qe
294,2025-01-20 09:10:31,ambersilva545@gmail.com,ambersilva545,^57lyBtPYqIQ
295,2025-01-20 10:59:33,kevinmckinney409@gmail.com,kevinmckinney409,18GsDwQ_!s&Y
296,2025-01-20 11:00:01,joshuamiller349@gmail.com,joshuamiller349,$%(yb+Sk1(MG
297,2025-01-20 11:52:45,kirkhoover736@gmail.com,kirkhoover736,B_+xBF2VQf^3
298,2025-01-20 15:48:53,johnsmith793@gmail.com,johnsmith793,HUw@(mkn!6FV
299,2025-01-20 16:19:48,kylehamilton679@gmail.com,kylehamilton679,Y9msM&)%@3YB
300,2025-01-20 19:04:00,jacquelinehiggins622@gmail.com,jacquelinehiggins622,2*4mYsl14xH_
301,2025-01-20 22:14:36,samanthahall353@gmail.com,samanthahall353,&bb8eBGS3eCW
302,2025-01-21 01:13:33,bettydunn784@gmail.com,bettydunn784,Lx9Zsvxw+UFu
303,2025-01-21 01:31:37,anthonyvalencia551@gmail.com,anthonyvalencia551,#(2r*outXFPk
304,2025-01-21 03:28:11,bryanrivera842@gmail.com,bryanrivera842,1#J4KAs2NB20
305,2025-01-21 04:23:19,caitlinpage594@gmail.com,caitlinpage594,#8H8pEfR5W^L
306,2025-01-21 05:31:49,kevingray758@gmail.com,kevingray758,YGoDBd7_&9G$
307,2025-01-21 07:25:11,joannaparker198@gmail.com,joannaparker198,l&3oK6kfL%qA
308,2025-01-21 08:22:15,brianbaker563@gmail.com,brianbaker563,!LLpg+)TDU1+
309,2025-01-21 09:18:17,nancyjones429@gmail.com,nancyjones429,*^JNmTwq_F6W
310,2025-01-21 09:56:09,barbarafoster147@gmail.com,barbarafoster147,l!9VAN)ude8C
311,2025-01-21 10:34:07,tammywelch685@gmail.com,tammywelch685,P(CpW9pj5YZj
312,2025-01-21 12:10:23,dawnhansen882@gmail.com,dawnhansen882,_4PU7OGep4lr
313,2025-01-21 12:40:44,michaelsmith585@gmail.com,michaelsmith585,yJQ(2CYrwW3B
314,2025-01-21 13:46:10,darrenjoseph920@gmail.com,darrenjoseph920,^#P@zDiF@J8W
315,2025-01-21 15:32:43,pamelaadams147@gmail.com,pamelaadams147,uXCPJxwk^5CY
316,2025-01-21 15:42:34,jerrybrooks947@gmail.com,jerrybrooks947,^MO2&Aeie)!t
317,2025-01-21 16:13:39,deniselane429@gmail.com,deniselane429,yt(2uLQv(6Z)
318,2025-01-21 16:19:09,robertwilliams625@gmail.com,robertwilliams625,E@1$bH8zP@wQ
319,2025-01-21 18:15:09,jillianmccann378@gmail.com,jillianmccann378,VXCfDuFSl%3)
320,2025-01-21 19:22:07,christinejoyce286@gmail.com,christinejoyce286,sd2%6RYzH$(i
321,2025-01-21 20:21:14,edwardmcclain671@gmail.com,edwardmcclain671,GF5knT#S6VJ*
322,2025-01-21 22:14:36,chelseywalters255@gmail.com,chelseywalters255,f+QKtq@nT27z
323,2025-01-21 22:46:30,catherineadams119@gmail.com,catherineadams119,cjHM5XvU%!@+
324,2025-01-21 23:07:39,sandrarangel803@gmail.com,sandrarangel803,T(o48A$k+*L8
325,2025-01-21 23:49:56,kelseyburch377@gmail.com,kelseyburch377,Ep1U6$QF$(P!
326,2025-01-22 02:36:09,sydneycurtis115@gmail.com,sydneycurtis115,^4Pe(DNt*#R3
327,2025-01-22 04:16:13,susanespinoza645@gmail.com,susanespinoza645,D8DNlkdq_gQV
328,2025-01-22 04:46:29,melaniepotter648@gmail.com,melaniepotter648,@oEv+yNBW9e4
329,2025-01-22 09:12:46,josephscott472@gmail.com,josephscott472,Axr*R7q2%s2C
330,2025-01-22 10:04:10,carolynhorton393@gmail.com,carolynhorton393,e&29en1xbxtU
331,2025-01-22 12:14:08,jonathonlevine473@gmail.com,jonathonlevine473,ii*EMhb1I3Zf
332,2025-01-22 12:25:13,sarahmiller288@gmail.com,sarahmiller288,a5i@lTgjuH3H
333,2025-01-22 13:17:05,chrissimpson505@gmail.com,chrissimpson505,1_M&JNq0@CbZ
334,2025-01-22 14:32:57,beckynielsen965@gmail.com,beckynielsen965,8eW$TqrW@r8U
335,2025-01-22 14:58:16,brianfrederick529@gmail.com,brianfrederick529,HwBllrz3)6X(
336,2025-01-22 22:18:13,scottvincent153@gmail.com,scottvincent153,@)6IQiwtXtkY
337,2025-01-22 23:58:34,nathanielvaughn646@gmail.com,nathanielvaughn646,uobGW4Dj)9SX
338,2025-01-23 02:41:24,jasminethompson180@gmail.com,jasminethompson180,#NAME?
339,2025-01-23 03:49:45,sarahlindsey897@gmail.com,sarahlindsey897,_g8Gm!m2F#iV
340,2025-01-23 05:16:15,peterbrown595@gmail.com,peterbrown595,)V7CKApJsYVI
341,2025-01-23 05:59:36,taylormartinez547@gmail.com,taylormartinez547,(%M^6aJy7o6E
342,2025-01-23 07:43:21,charlesanderson413@gmail.com,charlesanderson413,l*GxbYTyg@6I
343,2025-01-23 07:45:58,dennisrussell516@gmail.com,dennisrussell516,^5GilzG89oZL
344,2025-01-23 11:06:07,richarddavid519@gmail.com,richarddavid519,YDvfU@9e@9^f
345,2025-01-23 11:17:35,hunterreynolds480@gmail.com,hunterreynolds480,1sUy&ntE!@$8
346,2025-01-23 11:43:37,julieward311@gmail.com,julieward311,fG2Pwahy@6T@
347,2025-01-23 12:51:58,jamesroberts433@gmail.com,jamesroberts433,D3LzYRyy*g8C
348,2025-01-23 13:42:32,elizabethcollins403@gmail.com,elizabethcollins403,*D6A$iFxlSiT
349,2025-01-23 20:15:49,loribernard589@gmail.com,loribernard589,(muEor3@B4G!
350,2025-01-23 20:38:03,christiannoble191@gmail.com,christiannoble191,#NAME?
351,2025-01-23 22:13:34,jamesmorgan594@gmail.com,jamesmorgan594,8AurCLxk@UC4
352,2025-01-23 22:36:27,reneelowery367@gmail.com,reneelowery367,0iUm0ZuTz++Y
353,2025-01-23 23:08:23,deborahcoffey391@gmail.com,deborahcoffey391,GG09UAfz^2!q
354,2025-01-24 00:36:01,michaelbrown732@gmail.com,michaelbrown732,$gXjklqO00mP
355,2025-01-24 03:32:32,adamwatson909@gmail.com,adamwatson909,X@Hp4Tja%o1+
356,2025-01-24 06:29:21,amycruz650@gmail.com,amycruz650,4nBrAKOD@&3k
357,2025-01-24 07:23:41,davidmartinez759@gmail.com,davidmartinez759,7+EJTgCc*UG2
358,2025-01-24 10:08:38,justinlee640@gmail.com,justinlee640,!hKeiDsI#7@c
359,2025-01-24 10:37:39,georgepatterson554@gmail.com,georgepatterson554,@WgnDddms+9W
360,2025-01-24 10:43:11,jaredporter854@gmail.com,jaredporter854,mzOtzS7f#4K5
361,2025-01-24 11:09:47,brandongreen702@gmail.com,brandongreen702,#xho!so8*5E7
362,2025-01-24 13:02:06,zacharymccann677@gmail.com,zacharymccann677,(1RhXweQ@ZA$
363,2025-01-24 15:03:10,vanessavelez400@gmail.com,vanessavelez400,V8G6d!mx#G$e
364,2025-01-24 15:16:08,jeffreyrandall562@gmail.com,jeffreyrandall562,(Z@n1tYx2@vP
365,2025-01-24 18:50:10,timothyshaw631@gmail.com,timothyshaw631,*(I#4f#g2xGh
366,2025-01-24 23:22:01,nicoleking859@gmail.com,nicoleking859,)5*TswzGWBXt
367,2025-01-25 00:29:14,nicholasbanks453@gmail.com,nicholasbanks453,wQ1!Ra5f#zbU
368,2025-01-25 03:13:32,connorgriffin634@gmail.com,connorgriffin634,^MFXoz51A1(D
369,2025-01-25 03:41:00,josephcasey588@gmail.com,josephcasey588,I(31KWKsEd4O
370,2025-01-25 04:19:10,luissmith765@gmail.com,luissmith765,YXQaUvzh@6f5
371,2025-01-25 04:59:11,susanflowers511@gmail.com,susanflowers511,IH#9s6JggU68
372,2025-01-25 05:45:48,kyleweaver651@gmail.com,kyleweaver651,_1swVP_+w^A_
373,2025-01-25 07:24:12,toddcain962@gmail.com,toddcain962,m17e4JcqfPV)
374,2025-01-25 07:38:56,nicholaswhite426@gmail.com,nicholaswhite426,O7I9TKXu#0@G
375,2025-01-25 07:47:31,katieharris204@gmail.com,katieharris204,_9cps0POmlSr
376,2025-01-25 09:35:49,jenniferford760@gmail.com,jenniferford760,qVtnNG9jD&6k
377,2025-01-25 09:58:38,brentsmith486@gmail.com,brentsmith486,!hStWkWk*d4N
378,2025-01-25 12:41:07,alicejones360@gmail.com,alicejones360,_(rrqMHJ2ySW
379,2025-01-25 13:38:06,robertbarrera499@gmail.com,robertbarrera499,jLNtLuSyP$I2
380,2025-01-25 13:51:50,kimberlypayne264@gmail.com,kimberlypayne264,yZ2SHb%+^(Nj
381,2025-01-25 14:29:05,kristenfowler677@gmail.com,kristenfowler677,*XpBS4WzgtW3
382,2025-01-25 17:56:17,alexahoffman949@gmail.com,alexahoffman949,$)17i_UzDWIJ
383,2025-01-25 19:22:13,ritamartin558@gmail.com,ritamartin558,nCFh2%B(@3xx
384,2025-01-25 21:07:03,courtneymontoya284@gmail.com,courtneymontoya284,)3i&RHygEjWq
385,2025-01-25 22:44:09,marychaney762@gmail.com,marychaney762,x3AV*Fk3*BLx
386,2025-01-25 23:47:42,robertwilliams259@gmail.com,robertwilliams259,d)1#4oj)TTY*
387,2025-01-26 01:48:39,charlesdoyle816@gmail.com,charlesdoyle816,!lKcl0yD%69j
388,2025-01-26 03:04:43,garretthamilton489@gmail.com,garretthamilton489,5qr#Z(#k#q0W
389,2025-01-26 05:47:23,desireesilva251@gmail.com,desireesilva251,B2jOA(Kb+^uI
390,2025-01-26 07:30:53,michaelhodge555@gmail.com,michaelhodge555,ggh0Z7Qm*yCM
391,2025-01-26 09:01:08,nicolerivera530@gmail.com,nicolerivera530,5(_rhYwb)4$X
392,2025-01-26 09:43:47,johnjohnson223@gmail.com,johnjohnson223,LSE2K#KvO$N3
393,2025-01-26 10:51:25,melissaharmon246@gmail.com,melissaharmon246,ea+d)Fa9q1Pk
394,2025-01-26 13:01:13,anthonysantos743@gmail.com,anthonysantos743,x&6ZHuf!1pmW
395,2025-01-26 16:22:00,jimmywilkerson357@gmail.com,jimmywilkerson357,@!lDiFo$596V
396,2025-01-26 18:56:44,ryanschroeder517@gmail.com,ryanschroeder517,1G#03YtD&fYH
397,2025-01-26 19:00:29,sandrapalmer851@gmail.com,sandrapalmer851,p5o#d1Oo2tOW
398,2025-01-26 20:29:41,jamesshort977@gmail.com,jamesshort977,n*4I9Gzb4^v)
399,2025-01-26 23:56:52,meganmercado919@gmail.com,meganmercado919,967&yxzjB++H
400,2025-01-27 00:50:55,jenniferprice132@gmail.com,jenniferprice132,UvA8Z)pXg&(R
401,2025-01-27 08:46:03,jongreen676@gmail.com,jongreen676,p6IS9a@kMdZ+
402,2025-01-27 13:57:07,kevinjones521@gmail.com,kevinjones521,_b_9TF8obBzW
403,2025-01-27 13:59:18,coryhudson430@gmail.com,coryhudson430,EV2G1V+t%DSk
404,2025-01-27 18:17:20,reneereed968@gmail.com,reneereed968,$*JDz9TjW5ZJ
405,2025-01-27 18:19:42,michaelford553@gmail.com,michaelford553,!RT#NBu0M@L9
406,2025-01-27 18:43:41,jeffreypitts263@gmail.com,jeffreypitts263,l3F)jiI^23fe
407,2025-01-27 19:10:13,ericaacevedo295@gmail.com,ericaacevedo295,^7tqPgrIc*(2
408,2025-01-27 21:38:48,melodywood121@gmail.com,melodywood121,@u6TLf6m#CXp
409,2025-01-27 22:40:06,deborahmurphy230@gmail.com,deborahmurphy230,+!5HBVpwGvxp
410,2025-01-28 04:09:47,eddiefisher407@gmail.com,eddiefisher407,z4%in+NDdmNE
411,2025-01-28 04:30:33,margaretortiz660@gmail.com,margaretortiz660,%#8gM$xvqvrh
412,2025-01-28 06:59:30,kristinharris220@gmail.com,kristinharris220,ES$3KBsU0%JW
413,2025-01-28 07:11:12,austingomez459@gmail.com,austingomez459,@R5Usje150FK
414,2025-01-28 09:25:13,lisarodriguez336@gmail.com,lisarodriguez336,^f%17NtvZlF!
415,2025-01-28 10:50:02,jocelynmitchell443@gmail.com,jocelynmitchell443,sF!Td9Ede)C#
416,2025-01-28 11:58:57,jerrysnyder865@gmail.com,jerrysnyder865,#D7MpIFt*14K
417,2025-01-28 14:00:05,paulakelly385@gmail.com,paulakelly385,qv3!&YLyw)@H
418,2025-01-28 15:56:33,amandawilson512@gmail.com,amandawilson512,Fxr7AeKg)xkf
419,2025-01-28 17:25:41,rachelgarcia520@gmail.com,rachelgarcia520,Mb$RrwDF*a63
420,2025-01-28 18:47:23,jacquelineberry334@gmail.com,jacquelineberry334,kiaMJPY+J8A&
421,2025-01-28 22:10:46,patriciawilliams205@gmail.com,patriciawilliams205,DZ1Nw#3We+1L
422,2025-01-28 22:44:11,nathanfletcher716@gmail.com,nathanfletcher716,(wA7Ek(*w6R_
423,2025-01-29 01:00:01,jessicajackson389@gmail.com,jessicajackson389,wtZOh*T@&*2v
424,2025-01-29 02:00:32,kylewright503@gmail.com,kylewright503,)7EzbLuO&((z
425,2025-01-29 03:31:09,devinharrison676@gmail.com,devinharrison676,bbZKiz(J022(
426,2025-01-29 03:41:25,adamhawkins733@gmail.com,adamhawkins733,xAH8XyZt!3uk
427,2025-01-29 04:17:43,josephgarcia707@gmail.com,josephgarcia707,__*5NNak$#52
428,2025-01-29 08:12:00,marykennedy498@gmail.com,marykennedy498,!N4dI@0li^mD
429,2025-01-29 10:00:02,markpark452@gmail.com,markpark452,^2*b5nBv5^md
430,2025-01-29 11:04:11,anthonyhurst698@gmail.com,anthonyhurst698,wF(#o9vtw^2V
431,2025-01-29 14:56:00,kennethnguyen768@gmail.com,kennethnguyen768,l(3Mht$zseRE
432,2025-01-29 15:05:48,paularowe220@gmail.com,paularowe220,o3jjmVbo)E%^
433,2025-01-29 16:20:24,cynthiaarias583@gmail.com,cynthiaarias583,D*u0N#6h_v37
434,2025-01-29 17:12:01,willieingram186@gmail.com,willieingram186,a_4E7!ay32fU
435,2025-01-29 17:18:53,jacobponce288@gmail.com,jacobponce288,+2KhA9knj^ZV
436,2025-01-29 18:20:40,lorihenry316@gmail.com,lorihenry316,!@UlwyeLnb2*
437,2025-01-29 18:50:33,daniellehowell120@gmail.com,daniellehowell120,x3Rr8g*v&f(q
438,2025-01-29 19:02:29,elizabethhooper888@gmail.com,elizabethhooper888,3uNU#Ba+_&1V
439,2025-01-29 20:23:13,rodneynorton508@gmail.com,rodneynorton508,BFLxGkyLR!x9
440,2025-01-30 02:48:23,barbarathompson202@gmail.com,barbarathompson202,^@LihOKp227l
441,2025-01-30 04:26:40,kristinahughes966@gmail.com,kristinahughes966,zJP11AyQg^@q
442,2025-01-30 08:27:46,josephlane586@gmail.com,josephlane586,%n2Fzh%1b4s%
443,2025-01-30 12:16:39,jerryrodriguez392@gmail.com,jerryrodriguez392,8!FbYedctG9G
444,2025-01-30 13:22:07,yolandamartinez740@gmail.com,yolandamartinez740,c^$)D0(bUx8H
445,2025-01-30 13:49:44,tamarakim797@gmail.com,tamarakim797,N#3qLVgbcGnW
446,2025-01-30 14:01:11,stephaniefernandez399@gmail.com,stephaniefernandez399,JsB#xvxa#94M
447,2025-01-30 14:15:30,glennsmith430@gmail.com,glennsmith430,057ZwXRw@_n3
448,2025-01-30 14:47:58,matthewchase434@gmail.com,matthewchase434,&a++Pd!h9&2N
449,2025-01-30 15:24:51,thomasharris911@gmail.com,thomasharris911,*B7MqlqrHugM
450,2025-01-30 16:27:07,keithluna773@gmail.com,keithluna773,(AgUkH_6!j2X
451,2025-01-30 19:15:37,williamjefferson593@gmail.com,williamjefferson593,EZii0)#iV^5F
452,2025-01-30 19:26:16,jessicacochran599@gmail.com,jessicacochran599,TxZII@op&$v9
453,2025-01-30 20:05:30,joshuawest499@gmail.com,joshuawest499,F*2BwfAGE_%N
454,2025-01-30 23:29:12,stevenhartman643@gmail.com,stevenhartman643,j7yUA+V7$uXw
455,2025-01-30 23:37:00,tammydavis333@gmail.com,tammydavis333,Y7a%WrBgFEKT
456,2025-01-30 23:39:28,richardcampbell902@gmail.com,richardcampbell902,T0ZUQVo!!od0
457,2025-01-31 03:07:58,nicoletorres596@gmail.com,nicoletorres596,j51ie%aQ+Ci5
458,2025-01-31 09:19:46,robertortiz640@gmail.com,robertortiz640,uJPIUCXj#80T
459,2025-01-31 09:38:38,jacquelineoconnell526@gmail.com,jacquelineoconnell526,hZ+mCfSyCaf1
460,2025-01-31 13:51:40,sandraharrison866@gmail.com,sandraharrison866,A_8Flm2ufQT@
461,2025-01-31 16:01:16,janetbaxter900@gmail.com,janetbaxter900,@6Sv_!Sw@EBC
462,2025-01-31 17:59:49,jasminethornton891@gmail.com,jasminethornton891,K&30ViYTX)@R
463,2025-01-31 19:57:39,markmurray911@gmail.com,markmurray911,)^m5%xu9N%0A
464,2025-01-31 21:05:00,amberbrown345@gmail.com,amberbrown345,1^g0YcFpzH4@
465,2025-01-31 22:34:49,shelbyhoffman164@gmail.com,shelbyhoffman164,&$^ACcCSm*7S
466,2025-02-01 01:12:12,cameronirwin451@gmail.com,cameronirwin451,X&4+HOYphh1+
467,2025-02-01 02:03:25,brendanjones641@gmail.com,brendanjones641,2qYJrl%%@G28
468,2025-02-01 02:21:55,pamelaaustin626@gmail.com,pamelaaustin626,&9KGjbg1X2_X
469,2025-02-01 04:16:41,kimberlymitchell565@gmail.com,kimberlymitchell565,%uYtEiDY7N6g
470,2025-02-01 06:28:55,jasmincrawford679@gmail.com,jasmincrawford679,**JvTx08xc1L
471,2025-02-01 06:38:30,lauragalloway983@gmail.com,lauragalloway983,a!3SsVDj#VTL
472,2025-02-01 08:33:00,shaunkelley366@gmail.com,shaunkelley366,K77HztT(y%8D
473,2025-02-01 08:52:27,christopherjohnson928@gmail.com,christopherjohnson928,91CQ#fAc*qqY
474,2025-02-01 12:35:47,carolinenovak638@gmail.com,carolinenovak638,k#oSh8!fZ#3d
475,2025-02-01 14:01:06,daniellebray771@gmail.com,daniellebray771,9qW2ODde##Fi
476,2025-02-01 14:40:27,courtneyruiz662@gmail.com,courtneyruiz662,K5vQcZBw+!Gr
477,2025-02-01 14:50:12,briannaallen823@gmail.com,briannaallen823,J7M9w$kI#GEq
478,2025-02-01 15:46:48,christineallen638@gmail.com,christineallen638,9k#)lANy2!1O
479,2025-02-01 18:47:39,justinsalazar438@gmail.com,justinsalazar438,(1M0qhUoTXZb
480,2025-02-01 19:06:37,jennifervilla149@gmail.com,jennifervilla149,*7VBdWEivNCz
481,2025-02-02 00:14:35,lindacook426@gmail.com,lindacook426,f)2Wlh&Fb_HF
482,2025-02-02 03:05:33,amandawilliams315@gmail.com,amandawilliams315,Qs0AfMb0te@7
483,2025-02-02 04:19:29,anthonyandrade388@gmail.com,anthonyandrade388,6D00$Nbj4&Pk
484,2025-02-02 06:48:50,robertnelson848@gmail.com,robertnelson848,Q7&sl%ToMju8
485,2025-02-02 08:09:09,andrewdavis271@gmail.com,andrewdavis271,88LDq!YxEB!k
486,2025-02-02 10:02:55,erinrobbins223@gmail.com,erinrobbins223,L_8jHSVpToQt
487,2025-02-02 11:53:02,jeremylewis842@gmail.com,jeremylewis842,A(cQXacST+8p
488,2025-02-02 14:15:21,tonyduncan686@gmail.com,tonyduncan686,#NAME?
489,2025-02-02 14:37:36,edwardpayne287@gmail.com,edwardpayne287,!3BW8n9PXSN7
490,2025-02-02 17:00:42,kristinwallace382@gmail.com,kristinwallace382,@+IG1OcfQ34)
491,2025-02-02 18:23:29,kristincollins761@gmail.com,kristincollins761,)*0dpExlTMRU
492,2025-02-02 21:42:45,joshuastrickland917@gmail.com,joshuastrickland917,n+Y2gj!L3j3M
493,2025-02-02 21:55:11,toddramos303@gmail.com,toddramos303,mz6Iyv(AI@cM
494,2025-02-02 22:23:32,benjaminstuart365@gmail.com,benjaminstuart365,#LcZT&gR4pKl
495,2025-02-02 23:08:44,donnakennedy330@gmail.com,donnakennedy330,pV9hCHexq1^!
496,2025-02-02 23:13:42,keithmcguire701@gmail.com,keithmcguire701,&77lmior^ADw
497,2025-02-03 10:35:28,jacquelineoliver160@gmail.com,jacquelineoliver160,^2k3n(QJH7As
498,2025-02-03 11:23:21,nataliefox542@gmail.com,nataliefox542,k_y!9bRhMvFP
499,2025-02-03 12:27:48,jimmyhutchinson752@gmail.com,jimmyhutchinson752,&nn8WmHWX+Y9
500,2025-02-03 13:41:37,deborahrandall265@gmail.com,deborahrandall265,Sc)y_T^eo)c3
501,2025-02-03 20:49:05,marcjones749@gmail.com,marcjones749,Bmz@2@n3Zl9A
502,2025-02-03 23:22:22,mariavargas231@gmail.com,mariavargas231,MR)5JOKcXe25
503,2025-02-04 00:52:53,melanieprice307@gmail.com,melanieprice307,(yB594EzHu2$
504,2025-02-04 01:45:36,matthewbailey373@gmail.com,matthewbailey373,J+8pXJdVC6_R
505,2025-02-04 04:40:34,danielledominguez265@gmail.com,danielledominguez265,(gKyLaZxcF3z
506,2025-02-04 05:22:00,ashleywright480@gmail.com,ashleywright480,%4o#H558NzjH
507,2025-02-04 08:24:18,tammyroberts128@gmail.com,tammyroberts128,iX*8d*XwRODf
508,2025-02-04 10:21:41,antoniogrant663@gmail.com,antoniogrant663,I6#ljemu@+BV
509,2025-02-04 14:17:24,brookegallagher786@gmail.com,brookegallagher786,5x0PlgEHp()e
510,2025-02-04 16:43:55,williamjacobs849@gmail.com,williamjacobs849,7UH9DiNu&txk
511,2025-02-04 17:22:46,joshuaromero826@gmail.com,joshuaromero826,XM+5u6Gv#sE6
512,2025-02-04 23:16:28,davidblackwell814@gmail.com,davidblackwell814,(6vVgtHU0i*P
513,2025-02-04 23:51:59,haleylester932@gmail.com,haleylester932,NyQ1mkXP@92U
514,2025-02-05 02:39:10,matthewpayne411@gmail.com,matthewpayne411,(d$Z+n@&O(2c
515,2025-02-05 03:35:03,geraldphelps425@gmail.com,geraldphelps425,^2^(GAdslZ8a
516,2025-02-05 06:58:06,stephaniedunlap707@gmail.com,stephaniedunlap707,E1pWLBsj*aU8
517,2025-02-05 08:26:28,rebeccanunez259@gmail.com,rebeccanunez259,@2QyS9tI^^Fh
518,2025-02-05 11:14:50,cindyberg723@gmail.com,cindyberg723,t)l2X6iy*tBm
519,2025-02-05 12:30:06,cynthiaadams166@gmail.com,cynthiaadams166,*)465Bjj_$3S
520,2025-02-05 14:56:09,tinabaker218@gmail.com,tinabaker218,i3YB5v_i)GW!
521,2025-02-05 15:03:51,jennifervillarreal587@gmail.com,jennifervillarreal587,@Gp@GjOGHI1U
522,2025-02-05 17:31:13,leslietrevino879@gmail.com,leslietrevino879,Y)53$Pi0zh99
523,2025-02-05 23:44:16,paigehayes518@gmail.com,paigehayes518,&ga5uHkrE_Hp
524,2025-02-06 01:51:33,pauldiaz584@gmail.com,pauldiaz584,mo!ZLw)6!dK5
525,2025-02-06 04:06:35,eileengregory745@gmail.com,eileengregory745,B(2FN9mRwx!*
526,2025-02-06 04:10:40,kennethlarson278@gmail.com,kennethlarson278,^(16xgyuFg6K
527,2025-02-06 04:28:34,deanpineda181@gmail.com,deanpineda181,&tk6Lf7&7rbn
528,2025-02-06 06:06:59,scottjohnson678@gmail.com,scottjohnson678,b#S6wJFy^gp4
529,2025-02-06 07:21:47,jacquelinecobb923@gmail.com,jacquelinecobb923,%t0UN2v4g*i)
530,2025-02-06 07:56:22,jamessmith553@gmail.com,jamessmith553,(@8FavWh_#EE
531,2025-02-06 08:33:15,matthewmay294@gmail.com,matthewmay294,#fTj)(Gm1Q4c
532,2025-02-06 09:19:07,kristinatravis741@gmail.com,kristinatravis741,Ej&7WwF!)#SI
533,2025-02-06 10:13:55,grantevans200@gmail.com,grantevans200,(8Yw7(6NqRU)
534,2025-02-06 13:33:03,seanwoodward891@gmail.com,seanwoodward891,n4#v*fu@k^Ij
535,2025-02-06 15:58:47,christineromero388@gmail.com,christineromero388,F37C3RCy^z7l
536,2025-02-06 16:55:44,gloriaking820@gmail.com,gloriaking820,!9C@Nuyc*6l4
537,2025-02-06 18:40:32,amydavis857@gmail.com,amydavis857,dx@7bMKcyXCe
538,2025-02-07 00:19:49,katherinemalone802@gmail.com,katherinemalone802,4JYb)xI5^7b^
539,2025-02-07 01:35:51,deborahdavis625@gmail.com,deborahdavis625,80y@XS$cQDZ3
540,2025-02-07 04:04:24,michaelatkinson191@gmail.com,michaelatkinson191,Z7EAe49e@@0I
541,2025-02-07 06:52:45,reginaadams901@gmail.com,reginaadams901,#NAME?
542,2025-02-07 07:16:22,aaronzavala247@gmail.com,aaronzavala247,F2N#9Ax_D1#$
543,2025-02-07 07:26:03,kristiwang105@gmail.com,kristiwang105,S+F3Q%Kn(_5+
544,2025-02-07 09:05:55,shannonmoody561@gmail.com,shannonmoody561,o72aWiyl_EK^
545,2025-02-07 09:31:59,paulsmith178@gmail.com,paulsmith178,7WXOb9n4!9(F
546,2025-02-07 10:07:45,robertsmith552@gmail.com,robertsmith552,(8O$YO&1f0Yv
547,2025-02-07 10:14:07,richarddixon941@gmail.com,richarddixon941,U^wEN8Y^af0H
548,2025-02-07 11:52:56,kristicampbell306@gmail.com,kristicampbell306,*Cff5YcrMMB3
549,2025-02-07 13:50:08,thomasjohnson814@gmail.com,thomasjohnson814,1(vRlca#&d+f
550,2025-02-07 14:56:15,laurencarroll223@gmail.com,laurencarroll223,@#nTOszb17+J
551,2025-02-07 17:46:08,evanmurray304@gmail.com,evanmurray304,g25#G8aK@q^n
552,2025-02-07 18:55:22,elizabethphillips132@gmail.com,elizabethphillips132,yxwJrlSe&F6J
553,2025-02-07 21:37:11,janetroberts761@gmail.com,janetroberts761,&@IorVgQm+1t
554,2025-02-07 21:45:08,gailballard839@gmail.com,gailballard839,f%6NgGfM8L4P
555,2025-02-07 22:32:01,stevendyer840@gmail.com,stevendyer840,_eXj06WK5_p%
556,2025-02-07 22:42:15,lesliepeterson915@gmail.com,lesliepeterson915,T3E!&rEV^!N*
557,2025-02-08 01:12:18,jameswebb979@gmail.com,jameswebb979,)03z&3Lej3He
558,2025-02-08 04:06:15,michaelhodge458@gmail.com,michaelhodge458,X$6EBmvk!J@Q
559,2025-02-08 04:56:12,melissafletcher327@gmail.com,melissafletcher327,!0((TyYGhDEH
560,2025-02-08 08:28:00,lorismith726@gmail.com,lorismith726,0XsC5SdhpLE*
561,2025-02-08 10:38:52,ericsmith154@gmail.com,ericsmith154,hePkN9mN%0vX
562,2025-02-08 12:05:13,jadestewart946@gmail.com,jadestewart946,%zG(A$ax!A7^
563,2025-02-08 12:48:35,caseycooper158@gmail.com,caseycooper158,yXi3+Pkm*bhw
564,2025-02-08 14:15:52,timothyrivera437@gmail.com,timothyrivera437,@7ZQU6BzXaW3
565,2025-02-08 14:55:44,lindapalmer409@gmail.com,lindapalmer409,!WRkWlBk83m3
566,2025-02-08 16:10:14,robertobutler245@gmail.com,robertobutler245,(22jt$uzoiIS
567,2025-02-08 16:35:32,johnmorales477@gmail.com,johnmorales477,V)afHews^S3*
568,2025-02-08 18:52:22,keithbailey775@gmail.com,keithbailey775,(6FF@yo8SM4A
569,2025-02-08 23:35:34,dianastevens690@gmail.com,dianastevens690,(27_YnS2P9Px
570,2025-02-09 01:15:06,patriciamurphy786@gmail.com,patriciamurphy786,9tZSxDlv)V4O
571,2025-02-09 02:25:02,jerryzimmerman319@gmail.com,jerryzimmerman319,xcUoicrS!1Tm
572,2025-02-09 05:08:28,carlaharris110@gmail.com,carlaharris110,X4VOoa9r#MG@
573,2025-02-09 05:36:05,shawnnorman333@gmail.com,shawnnorman333,ERD7o6Xyh8(T
574,2025-02-09 05:43:47,matthewharris346@gmail.com,matthewharris346,UxVnoM_J#6YO
575,2025-02-09 11:58:13,heathermorgan830@gmail.com,heathermorgan830,$+Ea%jpK2@JO
576,2025-02-09 12:53:18,patrickwillis879@gmail.com,patrickwillis879,d7eYDIem+6W^
577,2025-02-09 13:07:31,samueldiaz657@gmail.com,samueldiaz657,wxhY(l_S@0LE
578,2025-02-09 15:03:55,jasonhoward111@gmail.com,jasonhoward111,sA1Jkd@L*c0V
579,2025-02-09 15:26:40,tiffanymccall362@gmail.com,tiffanymccall362,Ay9F(TxP0%l8
580,2025-02-09 17:50:44,danielharding307@gmail.com,danielharding307,*2Ptep&JM2Y1
581,2025-02-09 19:22:23,aliciapreston752@gmail.com,aliciapreston752,9f5rk$Icf*Wi
582,2025-02-09 19:31:34,tanyahernandez817@gmail.com,tanyahernandez817,^hsLCvkMo+7N
583,2025-02-09 19:50:34,sarahwatkins988@gmail.com,sarahwatkins988,UXEtUAtd(*2Y
584,2025-02-09 22:04:23,pamelajones812@gmail.com,pamelajones812,x_AgMLZc84pF
585,2025-02-10 00:03:10,melissazuniga686@gmail.com,melissazuniga686,+AiDh2IY22)@
586,2025-02-10 00:13:50,paulmartinez173@gmail.com,paulmartinez173,#P7()!swe0A_
587,2025-02-10 00:39:32,davidwhite647@gmail.com,davidwhite647,(9Jo3&!wxGZU
588,2025-02-10 05:09:30,richardlyons914@gmail.com,richardlyons914,u8CK8#jM&#54
589,2025-02-10 11:23:06,jasonsanchez903@gmail.com,jasonsanchez903,8+wgZGKlp%1(
590,2025-02-10 11:51:10,loriross576@gmail.com,loriross576,l08Sw)Vx#(3q
591,2025-02-10 12:03:10,brianwilliams942@gmail.com,brianwilliams942,SXV3FPu^)(Fb
592,2025-02-10 13:32:14,shannonsmith594@gmail.com,shannonsmith594,2@t3WZxq(^3g
593,2025-02-10 14:03:26,jessicajackson196@gmail.com,jessicajackson196,@I(nwZKV5vPU
594,2025-02-10 14:36:05,rachelcarr733@gmail.com,rachelcarr733,2IN6Nsf)^Vvn
595,2025-02-10 17:23:20,kirstenshaw501@gmail.com,kirstenshaw501,FljhfDdl@W5E
596,2025-02-10 17:39:54,kevinhill479@gmail.com,kevinhill479,%i#24A+vJ((F
597,2025-02-10 17:43:58,thomasfields669@gmail.com,thomasfields669,u*JP@x$z_52S
598,2025-02-10 18:09:05,emilybrown916@gmail.com,emilybrown916,u^%6e^#7UEYh
599,2025-02-10 20:04:10,johnmiller482@gmail.com,johnmiller482,7G1Xf4jn$%w8
600,2025-02-10 21:06:47,veronicaprice869@gmail.com,veronicaprice869,HA$$kTyz#*N3
601,2025-02-10 22:40:57,johnmartinez318@gmail.com,johnmartinez318,w@GM__Vxkf21
602,2025-02-10 23:02:21,cameronwright581@gmail.com,cameronwright581,)3+AfOC*f4nM
603,2025-02-11 03:18:12,brendapowell442@gmail.com,brendapowell442,^qHdy0^*D1bP
604,2025-02-11 04:17:48,austinhernandez405@gmail.com,austinhernandez405,gaaVMYP$&70p
605,2025-02-11 05:08:46,juliejohnson652@gmail.com,juliejohnson652,$YVrg^Sld7A0
606,2025-02-11 08:08:48,paullowe776@gmail.com,paullowe776,@*I1g&No$ncR
607,2025-02-11 08:28:22,erichill683@gmail.com,erichill683,G_5CQNb@3u83
608,2025-02-11 11:08:42,michaelsmith545@gmail.com,michaelsmith545,!hUNtvNr88IW
609,2025-02-11 12:57:20,robertgoodwin713@gmail.com,robertgoodwin713,(jXEAyPiBG3m
610,2025-02-11 17:33:19,whitneydorsey457@gmail.com,whitneydorsey457,l&@l5Jyl&8SM
611,2025-02-11 18:18:55,luisconley800@gmail.com,luisconley800,*!Wz^QigopW8
612,2025-02-11 21:21:53,benjaminjames299@gmail.com,benjaminjames299,zhGXzg7T&33o
613,2025-02-12 00:56:27,jaredgonzalez448@gmail.com,jaredgonzalez448,MHEAoc3Qg*1C
614,2025-02-12 01:46:08,sarahatkins645@gmail.com,sarahatkins645,+&7u70vmnBR%
615,2025-02-12 05:19:28,robertclark613@gmail.com,robertclark613,X+37Kds50REj
616,2025-02-12 06:08:43,tammyavery703@gmail.com,tammyavery703,J$d2KOftg+$Q
617,2025-02-12 09:09:56,jeremyjohnson256@gmail.com,jeremyjohnson256,^8V)tuScu6VO
618,2025-02-12 10:22:47,kristineoneal659@gmail.com,kristineoneal659,ss%I#gXrCi0#
619,2025-02-12 12:09:09,pauljohnson715@gmail.com,pauljohnson715,^@7KPHjh2E&7
620,2025-02-12 13:43:15,williegarner148@gmail.com,williegarner148,NFSoHZp6!2W*
621,2025-02-12 16:16:33,juliacombs928@gmail.com,juliacombs928,(i6I25xR7(ly
622,2025-02-12 16:58:11,pamelabates850@gmail.com,pamelabates850,J3IqkEGh$iD4
623,2025-02-12 20:59:01,williamellis819@gmail.com,williamellis819,+9NuGy9F@qWi
624,2025-02-13 03:47:23,eugenereyes356@gmail.com,eugenereyes356,^zPM!%JdqI2g
625,2025-02-13 06:14:04,amycompton497@gmail.com,amycompton497,cAiaEqPx*4cM
626,2025-02-13 07:54:30,johnsimpson993@gmail.com,johnsimpson993,+9odHLj$aB@K
627,2025-02-13 08:17:00,jareddavis976@gmail.com,jareddavis976,0d#3C#uIBBXu
628,2025-02-13 08:48:05,christopherconway413@gmail.com,christopherconway413,@88#@IkbOhe)
629,2025-02-13 10:53:48,michaelmays333@gmail.com,michaelmays333,%1C&xJrd^4iX
630,2025-02-13 11:13:56,brittanyhowell129@gmail.com,brittanyhowell129,8dPVSLle^iV(
631,2025-02-13 14:48:24,thomaswatson611@gmail.com,thomaswatson611,Gao@GJdP%3(h
632,2025-02-13 16:39:41,kelseyfigueroa367@gmail.com,kelseyfigueroa367,Vi410R73x$Dw
633,2025-02-13 18:19:45,jameshenry583@gmail.com,jameshenry583,5KuXWTyO!0Yq
634,2025-02-13 21:16:35,jaykim393@gmail.com,jaykim393,n%xljZt@h9I6
635,2025-02-13 22:44:18,scottyoung557@gmail.com,scottyoung557,65NDu6s3(+2V
636,2025-02-13 23:05:20,jerryhill799@gmail.com,jerryhill799,BWfLxqcw@vQ1
637,2025-02-14 02:24:13,terryadams646@gmail.com,terryadams646,d@72RmT4nz8q
638,2025-02-14 03:32:12,josephjohnson971@gmail.com,josephjohnson971,!p0KMsuX9)Yx
639,2025-02-14 05:48:09,aprilhart828@gmail.com,aprilhart828,_W+6YiDK7%(p
640,2025-02-14 06:30:13,baileysanchez222@gmail.com,baileysanchez222,#67QNoKdN9RC
641,2025-02-14 08:20:06,laurapatterson512@gmail.com,laurapatterson512,96H0rm03*LQk
642,2025-02-14 08:56:21,sherrigriffith552@gmail.com,sherrigriffith552,^mBpEVyUO8TN
643,2025-02-14 11:52:23,ashleyschultz931@gmail.com,ashleyschultz931,^QPTX*NsF6Rx
644,2025-02-14 12:35:24,timothygonzalez645@gmail.com,timothygonzalez645,l77@9AtXY#8Z
645,2025-02-14 16:44:27,davidgarcia617@gmail.com,davidgarcia617,lz1&wor&*bRa
646,2025-02-14 16:51:26,williamwhitehead656@gmail.com,williamwhitehead656,sx3sa%Q^5&VS
647,2025-02-14 17:01:39,deborahcole579@gmail.com,deborahcole579,t#XX7MScQ3&7
648,2025-02-14 17:32:23,karengarza638@gmail.com,karengarza638,%1ahSYP!CsZV
649,2025-02-14 18:36:17,aliciacastaneda914@gmail.com,aliciacastaneda914,Z_71^Svn0ECi
650,2025-02-14 19:28:57,troyreyes233@gmail.com,troyreyes233,6SDNtzhm*5$Y
651,2025-02-14 22:39:16,brandycarson495@gmail.com,brandycarson495,bh7RrzUxC*Av
652,2025-02-14 22:46:13,kristinajuarez642@gmail.com,kristinajuarez642,L%s0Spfx5T$I
653,2025-02-14 23:43:09,gregoryhunter988@gmail.com,gregoryhunter988,#@pte$gyG5zS
654,2025-02-15 00:02:06,daltonmurray179@gmail.com,daltonmurray179,&8jtRCgNOiSD
655,2025-02-15 00:36:39,kaylasimmons259@gmail.com,kaylasimmons259,KYO(pHX_i5xe
656,2025-02-15 00:47:05,tarahicks172@gmail.com,tarahicks172,Xa!9rLQn!W4T
657,2025-02-15 01:49:26,danielweber859@gmail.com,danielweber859,t@3ooDOoeB2&
658,2025-02-15 02:53:33,amandajones425@gmail.com,amandajones425,m9m0s3kM$nUv
659,2025-02-15 03:42:01,williamgutierrez931@gmail.com,williamgutierrez931,*36OK+aM%hSA
660,2025-02-15 04:37:36,debraward448@gmail.com,debraward448,M*HM6S_pM@X3
661,2025-02-15 05:03:47,rodneymoore595@gmail.com,rodneymoore595,7d6F^zGW^!Fe
662,2025-02-15 07:23:31,beckygriffith584@gmail.com,beckygriffith584,(4eHKwhWrlVM
663,2025-02-15 07:51:20,kristenpatel470@gmail.com,kristenpatel470,65lUWE4jj^3o
664,2025-02-15 09:56:52,keithshelton214@gmail.com,keithshelton214,_%1VKNgrhH0h
665,2025-02-15 14:23:09,jameshayes240@gmail.com,jameshayes240,wDD2WlUe(F6F
666,2025-02-15 17:12:54,debrawilliams989@gmail.com,debrawilliams989,+TR2+j#N04rm
667,2025-02-15 23:48:35,chadsmith374@gmail.com,chadsmith374,!7gVwc^lUn8G
668,2025-02-16 03:26:15,denisetran639@gmail.com,denisetran639,X9LJnoTb+NAo
669,2025-02-16 04:31:19,joechandler538@gmail.com,joechandler538,O(y*tej@%07Q
670,2025-02-16 05:32:20,jamesmccarthy806@gmail.com,jamesmccarthy806,t)hy5LsovJu%
671,2025-02-16 16:10:01,charleshenderson111@gmail.com,charleshenderson111,jx1$ux^sbpFG
672,2025-02-16 20:10:34,michaelclark487@gmail.com,michaelclark487,_A_KjsAp!5N0
673,2025-02-16 21:15:12,coreymonroe211@gmail.com,coreymonroe211,v6PPTuBs!76(
674,2025-02-16 22:50:21,waltermckinney400@gmail.com,waltermckinney400,H%72qZWewn2H
675,2025-02-17 01:46:24,anthonythompson676@gmail.com,anthonythompson676,C7uZj(rWD&00
676,2025-02-17 02:33:33,rebeccahines138@gmail.com,rebeccahines138,8$JL9UK2+dH1
677,2025-02-17 04:02:35,seanpowers349@gmail.com,seanpowers349,3)&h3!I*8HZq
678,2025-02-17 04:43:11,joanrhodes368@gmail.com,joanrhodes368,(N!(^WNm&38K
679,2025-02-17 07:32:01,davidthomas811@gmail.com,davidthomas811,@pEX8yLcCePL
680,2025-02-17 08:05:53,sethrivera397@gmail.com,sethrivera397,K&Kjj2wt%88D
681,2025-02-17 08:55:42,ginamacdonald971@gmail.com,ginamacdonald971,#)1Pgk#8GTkA
682,2025-02-17 10:25:08,nataliebuck557@gmail.com,nataliebuck557,z%5HtCVPc(jn
683,2025-02-17 18:24:30,williamsandoval551@gmail.com,williamsandoval551,&%4IZeke)j_w
684,2025-02-17 18:31:21,cassandraking461@gmail.com,cassandraking461,_4b7Y!WeCmc1
685,2025-02-17 18:43:21,seanbutler302@gmail.com,seanbutler302,!44Nl_QqDkJ6
686,2025-02-17 18:49:47,melindaanderson875@gmail.com,melindaanderson875,!BzV_3xE3BCM
687,2025-02-17 18:51:49,rebeccadodson156@gmail.com,rebeccadodson156,w!4U22io@1!g
688,2025-02-17 20:55:29,ernestsanchez108@gmail.com,ernestsanchez108,hb#toZD0Z@7c
689,2025-02-17 21:06:28,danielcontreras756@gmail.com,danielcontreras756,$vrz8WuE+_hf
690,2025-02-17 22:02:42,ericjones171@gmail.com,ericjones171,&3egTD0tni5P
691,2025-02-17 22:46:35,joshuagreen591@gmail.com,joshuagreen591,f9Q*eJPQFl0G
692,2025-02-17 22:58:30,veronicakramer662@gmail.com,veronicakramer662,X(1maC48YX#K
693,2025-02-17 23:33:52,haleyblankenship641@gmail.com,haleyblankenship641,wh+B3%uv!*5X
694,2025-02-18 00:31:21,lisaclayton421@gmail.com,lisaclayton421,eb+EBM&Qz$8O
695,2025-02-18 01:00:51,juliegordon946@gmail.com,juliegordon946,a*8C^xiRh&MN
696,2025-02-18 01:59:10,teresaharrison800@gmail.com,teresaharrison800,Qh^MF4lg++7!
697,2025-02-18 06:57:26,barbarashannon372@gmail.com,barbarashannon372,T1@4FPq!qBWJ
698,2025-02-18 08:01:10,paullawson639@gmail.com,paullawson639,)!Z6KP2v%2Wj
699,2025-02-18 08:10:14,ericanderson532@gmail.com,ericanderson532,y74wlcLy#_bL
700,2025-02-18 09:09:46,kennethharris719@gmail.com,kennethharris719,X$&2W2#dq6js
701,2025-02-18 16:25:11,davidparker947@gmail.com,davidparker947,cYJ3U2Zo9^p#
702,2025-02-18 16:52:17,ashleyanderson825@gmail.com,ashleyanderson825,%8E3!svOOxf6
703,2025-02-19 00:07:25,kathleenbrown588@gmail.com,kathleenbrown588,He^#uYdi7c74
704,2025-02-19 00:33:07,lisasmith730@gmail.com,lisasmith730,(xZ@AuoZ#W72
705,2025-02-19 00:56:25,christinamitchell644@gmail.com,christinamitchell644,HylVA4QiZ*1c
706,2025-02-19 01:30:17,xaviersnyder907@gmail.com,xaviersnyder907,E2A312pm((Eq
707,2025-02-19 03:01:32,michaelfuller723@gmail.com,michaelfuller723,)1TgT8iQ$4X3
708,2025-02-19 06:37:42,matthewpetty742@gmail.com,matthewpetty742,J#8ZylDkP@OG
709,2025-02-19 06:43:56,michelemaynard987@gmail.com,michelemaynard987,u20!38x$&_Wr
710,2025-02-19 13:23:49,micheleperez635@gmail.com,micheleperez635,!*zV18BD%uV#
711,2025-02-19 16:23:06,marywhite292@gmail.com,marywhite292,YvcdsGjjj_6M
712,2025-02-19 16:57:26,bryanlamb338@gmail.com,bryanlamb338,$$2cz*r^U4(P
713,2025-02-19 17:32:43,barbaranelson544@gmail.com,barbaranelson544,P+GFc5Tmtv_Y
714,2025-02-19 19:32:21,troyaguirre635@gmail.com,troyaguirre635,9i26K9@Bk!9W
715,2025-02-19 20:59:39,stevenyork566@gmail.com,stevenyork566,*8+lRaTnu3%8
716,2025-02-19 22:29:40,jasonsmith449@gmail.com,jasonsmith449,Z%*goTs)OKf8
717,2025-02-19 23:06:57,paulwilson628@gmail.com,paulwilson628,6qF_smHuE71D
718,2025-02-20 00:15:20,nancyewing965@gmail.com,nancyewing965,$SSoq_ADU4Zg
719,2025-02-20 00:26:19,codycarpenter425@gmail.com,codycarpenter425,$9A!G9i7tf@d
720,2025-02-20 00:35:58,elizabethperez576@gmail.com,elizabethperez576,$NN_1AQai&gM
721,2025-02-20 00:45:58,sherrijohnson670@gmail.com,sherrijohnson670,@s0rCpGGBbwV
722,2025-02-20 03:23:16,jeffreysmith436@gmail.com,jeffreysmith436,*N&^d3flE4^f
723,2025-02-20 03:38:31,lauracruz905@gmail.com,lauracruz905,uF9Vjomo$HBU
724,2025-02-20 05:46:16,thomasjones707@gmail.com,thomasjones707,n4dX1MYb@81E
725,2025-02-20 07:40:28,andrewnunez266@gmail.com,andrewnunez266,8l0nBotX*250
726,2025-02-20 08:15:59,michaeljackson581@gmail.com,michaeljackson581,f@afVc&h5n_9
727,2025-02-20 11:18:45,timothyzimmerman434@gmail.com,timothyzimmerman434,p#_7ZkmXr0_v
728,2025-02-20 15:51:41,angelaortega434@gmail.com,angelaortega434,2e0d$%Nl$#QI
729,2025-02-20 18:45:11,stevenmitchell115@gmail.com,stevenmitchell115,3#@0HTrUZHh3
730,2025-02-20 18:57:49,timothymanning589@gmail.com,timothymanning589,+0X(js1bfA%s
731,2025-02-20 20:11:36,stephanieguerra562@gmail.com,stephanieguerra562,637e1Uyc&iQx
732,2025-02-20 20:24:53,christopherjohnson633@gmail.com,christopherjohnson633,kG(p(RiCNBG9
733,2025-02-20 23:56:08,richardpeterson144@gmail.com,richardpeterson144,lvqu01%m!7Cq
734,2025-02-21 00:17:02,paulvance100@gmail.com,paulvance100,)1*W2buJCnYd
735,2025-02-21 01:14:05,marcjackson774@gmail.com,marcjackson774,zjUGetmU*V15
736,2025-02-21 03:56:17,erinchen122@gmail.com,erinchen122,*+ArJ7JJW8zg
737,2025-02-21 04:08:34,karenrose749@gmail.com,karenrose749,#8zpJ2qb1Fn(
738,2025-02-21 14:18:40,brentalexander601@gmail.com,brentalexander601,VeUm^WD#+9tx
739,2025-02-21 16:11:37,andrewhicks271@gmail.com,andrewhicks271,!4DiuR%u!t!@
740,2025-02-21 20:04:24,deborahbanks633@gmail.com,deborahbanks633,%7MzdQxB1*&J
741,2025-02-21 21:22:46,christopherphillips597@gmail.com,christopherphillips597,V#$s8NsPYAsO
742,2025-02-21 21:57:15,andreaflores976@gmail.com,andreaflores976,XhX0g%hgj!04
743,2025-02-21 23:36:31,beckyking317@gmail.com,beckyking317,+02%ulbV+76M
744,2025-02-22 01:19:59,kimberlyconley834@gmail.com,kimberlyconley834,9H7^WDxs))C&
745,2025-02-22 02:19:34,taylordunn772@gmail.com,taylordunn772,D5!+m#eX11zT
746,2025-02-22 02:57:31,michaelgordon239@gmail.com,michaelgordon239,4(3AAog3MI4I
747,2025-02-22 05:27:44,yeseniajordan107@gmail.com,yeseniajordan107,&7e(ntF4Bx^A
748,2025-02-22 07:29:56,danielsmith402@gmail.com,danielsmith402,O7)Bj!9f!dH&
749,2025-02-22 08:37:14,johnyates454@gmail.com,johnyates454,jc3hL7i2@#gW
750,2025-02-22 10:43:46,richardturner340@gmail.com,richardturner340,@L9Xb2nbUeoT
751,2025-02-22 12:46:51,jacobperez250@gmail.com,jacobperez250,*&vFw7%z*)7M
752,2025-02-22 13:19:06,samanthareed552@gmail.com,samanthareed552,(9G_Wu2xtRI$
753,2025-02-22 14:25:33,richardeverett617@gmail.com,richardeverett617,!17@5gkp+sSR
754,2025-02-22 15:23:20,lukerobinson847@gmail.com,lukerobinson847,9a#%Hov(@9$L
755,2025-02-22 17:01:45,amywhite274@gmail.com,amywhite274,Fh+7JyVj%(BG
756,2025-02-22 18:56:30,sharianderson589@gmail.com,sharianderson589,2+qYsCUg)P3i
757,2025-02-22 19:39:25,ianwilliamson884@gmail.com,ianwilliamson884,seTRfJ$Q%8dW
758,2025-02-22 21:35:19,douglaswalton242@gmail.com,douglaswalton242,eOqZuEMY!5TL
759,2025-02-22 22:43:18,robertyoung388@gmail.com,robertyoung388,%y+X)Lq6p8BM
760,2025-02-23 02:50:26,kathyallen225@gmail.com,kathyallen225,1j5i*Ll9^QZt
761,2025-02-23 03:25:50,kimgarcia374@gmail.com,kimgarcia374,)yP!4_Hf9WAm
762,2025-02-23 05:56:51,scottperez923@gmail.com,scottperez923,op1R0Zyh#FTW
763,2025-02-23 06:09:40,cynthiakelly223@gmail.com,cynthiakelly223,2z!J5rFxRJv7
764,2025-02-23 10:52:58,shaunlopez405@gmail.com,shaunlopez405,!7CML_KjEWGM
765,2025-02-23 13:04:46,daviddixon551@gmail.com,daviddixon551,1#kHeF*JX*3Z
766,2025-02-23 16:15:43,randallrodriguez630@gmail.com,randallrodriguez630,)V5UGizx9Y$q
767,2025-02-23 16:47:26,edwardharvey202@gmail.com,edwardharvey202,VtfdqwvG99K#
768,2025-02-23 19:32:57,joelsmith801@gmail.com,joelsmith801,@SsKUq8yQe3R
769,2025-02-23 19:58:56,mariagibson951@gmail.com,mariagibson951,LbU&R0vDb&g4
770,2025-02-23 21:03:13,wayneparker782@gmail.com,wayneparker782,B^oe1MMf$g50
771,2025-02-23 21:52:19,sarasalazar227@gmail.com,sarasalazar227,9bJtsWOl+72@
772,2025-02-23 23:55:28,stacygoodman111@gmail.com,stacygoodman111,Kn3PRnKjC6&L
773,2025-02-24 02:44:07,jorgeabbott742@gmail.com,jorgeabbott742,mZ1tX6vn!tak
774,2025-02-24 04:13:59,alexandersmith364@gmail.com,alexandersmith364,t1zOWYjy_jFD
775,2025-02-24 05:08:52,christyhood235@gmail.com,christyhood235,2*sfWogy49@6
776,2025-02-24 06:30:30,martinmeza877@gmail.com,martinmeza877,aN3NlNyAs#4S
777,2025-02-24 10:28:24,sandrasmith465@gmail.com,sandrasmith465,o)ot!U+v#%0U
778,2025-02-24 10:55:32,rachelwilliams173@gmail.com,rachelwilliams173,sM14TY7u_neQ
779,2025-02-24 12:40:19,jodihayden426@gmail.com,jodihayden426,%*5!Hog7d!hc
780,2025-02-24 13:38:21,johnpatton995@gmail.com,johnpatton995,&J0^_+fq99kR
781,2025-02-24 18:44:19,kelseystevenson285@gmail.com,kelseystevenson285,Y%+vwxna6(6B
782,2025-02-24 19:16:54,janejimenez419@gmail.com,janejimenez419,ok193LHd!&aO
783,2025-02-24 21:27:57,morganking723@gmail.com,morganking723,RmR5&6ZH6_(o
784,2025-02-24 22:03:18,donnamurphy951@gmail.com,donnamurphy951,3SOLm7Xt(aNO
785,2025-02-24 22:52:57,chelseagarcia798@gmail.com,chelseagarcia798,*aWmXqB&104W
786,2025-02-24 23:02:42,gabriellebass534@gmail.com,gabriellebass534,p1YridPD+v)6
787,2025-02-25 00:40:40,karinacampos388@gmail.com,karinacampos388,R^m5ZT)&no9x
788,2025-02-25 02:17:06,elizabethrice639@gmail.com,elizabethrice639,&fScDq3Db5a9
789,2025-02-25 03:59:27,amywyatt322@gmail.com,amywyatt322,cpy0Vasl&^9k
790,2025-02-25 06:01:53,shannoncraig337@gmail.com,shannoncraig337,(bAKdSVpB0p@
791,2025-02-25 08:58:06,bonnierobinson851@gmail.com,bonnierobinson851,)%M7C9x2WQo7
792,2025-02-25 10:43:27,kimberlyfuentes163@gmail.com,kimberlyfuentes163,z_0wPeufT3#c
793,2025-02-25 14:24:29,carolperez447@gmail.com,carolperez447,0jmYoE!V8G2&
794,2025-02-25 17:38:02,brianwolfe507@gmail.com,brianwolfe507,)pO@Ha108Yl!
795,2025-02-25 17:45:13,katiemoore216@gmail.com,katiemoore216,0+^&3Y!lE&^a
796,2025-02-25 21:54:45,davidgriffin606@gmail.com,davidgriffin606,3a$QYIlK)h+5
797,2025-02-25 23:25:32,seanaguilar694@gmail.com,seanaguilar694,#8&XTLHpr+IY
798,2025-02-26 00:21:34,kimberlykidd557@gmail.com,kimberlykidd557,_$9EzNbbAE%c
799,2025-02-26 04:26:40,danielthompson416@gmail.com,danielthompson416,^9K%gthG)jNy
800,2025-02-26 06:53:02,christinaflores842@gmail.com,christinaflores842,@rMq*EOQ4e28
801,2025-02-26 07:53:43,davidmack325@gmail.com,davidmack325,dywlU)5F$11D
802,2025-02-26 09:40:27,melissadiaz506@gmail.com,melissadiaz506,t*9gOyW+fyRW
803,2025-02-26 10:42:44,briandavis414@gmail.com,briandavis414,Td9Nk^!4@k3E
804,2025-02-26 16:43:42,christinamcmahon590@gmail.com,christinamcmahon590,7ri+Qr#e9v^I
805,2025-02-26 16:48:52,michelenavarro991@gmail.com,michelenavarro991,+w+I6Fsol^1F
806,2025-02-26 21:12:38,laurawade690@gmail.com,laurawade690,859%PG7aA%hw
807,2025-02-26 21:15:42,lisaaguilar522@gmail.com,lisaaguilar522,*XgIOcuh2QXZ
808,2025-02-26 21:15:55,susanfox917@gmail.com,susanfox917,%lF%GR%u_4Vo
809,2025-02-26 21:47:41,shariray496@gmail.com,shariray496,gc)wTklEFA40
810,2025-02-26 21:50:45,danastephens129@gmail.com,danastephens129,)q7Fol)z%hv4
811,2025-02-26 22:49:12,kimberlyhiggins474@gmail.com,kimberlyhiggins474,fz9Sqllh%)dA
812,2025-02-27 01:04:42,jillharmon632@gmail.com,jillharmon632,^^2lQprV7*3E
813,2025-02-27 01:59:41,karentaylor423@gmail.com,karentaylor423,nJe+Nosa0sLF
814,2025-02-27 07:30:09,michaelscott294@gmail.com,michaelscott294,*tcw$(rPn9U*
815,2025-02-27 09:03:03,tabithaspencer496@gmail.com,tabithaspencer496,1yY5cnLc&74t
816,2025-02-27 10:31:20,tyronerhodes495@gmail.com,tyronerhodes495,!9mjKM87r)YR
817,2025-02-27 11:53:54,christinehendricks747@gmail.com,christinehendricks747,r*_@xa8zuEC4
818,2025-02-27 12:02:13,sarahlopez363@gmail.com,sarahlopez363,#4L6Ppxk_29W
819,2025-02-27 16:39:05,chloevang718@gmail.com,chloevang718,^K6*0JYj%9bP
820,2025-02-27 16:52:41,amyhudson166@gmail.com,amyhudson166,9@62LQj@fQ&A
821,2025-02-27 17:53:57,mirandalopez372@gmail.com,mirandalopez372,$_xGNy@h)L7H
822,2025-02-27 19:19:13,melindawalker443@gmail.com,melindawalker443,3q8JVLps!B$*
823,2025-02-27 19:21:22,stevenpatel254@gmail.com,stevenpatel254,O4^krCVWSRCb
824,2025-02-27 19:57:56,christinewood502@gmail.com,christinewood502,)1YmFwmCwdK+
825,2025-02-27 22:02:53,codydiaz895@gmail.com,codydiaz895,L)4HsTo9ox9C
826,2025-02-27 22:24:18,markmartin748@gmail.com,markmartin748,M3Fgwc5G^89J
827,2025-02-28 00:03:53,thomasblack410@gmail.com,thomasblack410,1b#s$bR#w#6(
828,2025-02-28 01:06:08,kristencastillo759@gmail.com,kristencastillo759,#SY1cj6KAX1G
829,2025-02-28 02:13:25,ryanhenderson113@gmail.com,ryanhenderson113,z0h+_0Bz8O7_
830,2025-02-28 02:58:45,tracyallen366@gmail.com,tracyallen366,@3Vlxr5f4p2)
831,2025-02-28 04:38:14,jerrygamble605@gmail.com,jerrygamble605,cn!R#y8m3$8B
832,2025-02-28 05:00:51,jeffreydeleon475@gmail.com,jeffreydeleon475,04SQH3oI^IEm
833,2025-02-28 08:51:36,alexandrastevenson311@gmail.com,alexandrastevenson311,!2)l9dJctD_X
834,2025-02-28 10:25:40,douglasmullins971@gmail.com,douglasmullins971,W*yVhUm1R_5R
835,2025-02-28 11:15:36,jessewatson792@gmail.com,jessewatson792,8(1A5inokjCH
836,2025-02-28 11:36:31,samuelcooper282@gmail.com,samuelcooper282,b8tfzX_m!sX^
837,2025-02-28 13:35:36,stephaniedodson217@gmail.com,stephaniedodson217,#rUYM)aez882
838,2025-02-28 14:14:04,adriananderson944@gmail.com,adriananderson944,%p(40Hl^pgYn
839,2025-02-28 17:01:23,valeriejones387@gmail.com,valeriejones387,Zhx(Piwb+%B8
840,2025-02-28 18:24:04,brettwest306@gmail.com,brettwest306,5^0H)z4d^pSZ
841,2025-02-28 19:12:46,ruthhunt324@gmail.com,ruthhunt324,9udJzhzlJ+9V
842,2025-02-28 20:56:44,johnlee569@gmail.com,johnlee569,V(tjmo8L(q0L
843,2025-03-01 02:48:12,jennifermadden248@gmail.com,jennifermadden248,&6DXRYiP#@AE
844,2025-03-01 04:15:08,peterriley817@gmail.com,peterriley817,m0U4nTSO#drV
845,2025-03-01 04:36:33,rodneymorales695@gmail.com,rodneymorales695,!U!(8YzoliFK
846,2025-03-01 04:56:59,johnblair392@gmail.com,johnblair392,KqHO#*cp)_1&
847,2025-03-01 06:01:40,vincentwilkerson263@gmail.com,vincentwilkerson263,_Ci3QUaO0OYP
848,2025-03-01 07:13:47,chloeboone983@gmail.com,chloeboone983,^4*G6JhK&(ag
849,2025-03-01 07:28:43,michaellogan965@gmail.com,michaellogan965,+#$Y&i$PLc6D
850,2025-03-01 07:34:19,meagandiaz989@gmail.com,meagandiaz989,2iBR%bOq^V9P
851,2025-03-01 09:24:49,michaelcohen519@gmail.com,michaelcohen519,_FF@4eQa3xsv
852,2025-03-01 13:51:32,daniellerodgers522@gmail.com,daniellerodgers522,OPZBvWXa*Ox4
853,2025-03-01 14:23:06,jerryroberts657@gmail.com,jerryroberts657,$YyGV&nKZ0l*
854,2025-03-01 14:47:16,dawncampbell163@gmail.com,dawncampbell163,fe7+hpl2_hH*
855,2025-03-01 14:53:53,gregorygay646@gmail.com,gregorygay646,i8Ks@qW0!w42
856,2025-03-01 18:13:54,jenniferberry820@gmail.com,jenniferberry820,HN14FSki@C&J
857,2025-03-01 18:26:05,vickihawkins483@gmail.com,vickihawkins483,%tXVnDp+&8k3
858,2025-03-01 19:31:21,caitlinhoward519@gmail.com,caitlinhoward519,Qhw8ZGYg+3+9
859,2025-03-01 21:49:24,anthonykeith968@gmail.com,anthonykeith968,7NuH0DMxy+It
860,2025-03-01 22:13:18,xaviercampbell316@gmail.com,xaviercampbell316,7S8UavYXJ*2W
861,2025-03-01 23:08:32,michaelperkins893@gmail.com,michaelperkins893,2lW0kMYNF$CO
862,2025-03-02 03:21:32,henryfernandez932@gmail.com,henryfernandez932,Ld+zVoxX@6hb
863,2025-03-02 03:38:27,courtneyatkinson435@gmail.com,courtneyatkinson435,kU12DeqF&95m
864,2025-03-02 04:33:40,codywright583@gmail.com,codywright583,1r0S!eaNS*_u
865,2025-03-02 04:52:51,jordansheppard114@gmail.com,jordansheppard114,_bZCyVpg1(9#
866,2025-03-02 08:27:28,joshuabass546@gmail.com,joshuabass546,sdkX^KnE@3SI
867,2025-03-02 08:31:47,michellecruz471@gmail.com,michellecruz471,IZ+7*VmEOaB(
868,2025-03-02 09:56:22,corybailey219@gmail.com,corybailey219,L&aJthz2)9Yg
869,2025-03-02 10:59:15,jonathangarcia870@gmail.com,jonathangarcia870,!9k)!UTw+5@M
870,2025-03-02 11:17:25,michaelsingh802@gmail.com,michaelsingh802,)JSvALJl0Mqd
871,2025-03-02 12:58:04,kylehall191@gmail.com,kylehall191,8Y575OkaCbZ^
872,2025-03-02 14:20:54,darrylmartin667@gmail.com,darrylmartin667,&y%tDPLyq6N_
873,2025-03-02 17:55:31,richardgarcia915@gmail.com,richardgarcia915,02oKWPgu_J_Q
874,2025-03-02 18:11:21,pamelahowe963@gmail.com,pamelahowe963,5*LUIK^7^4y3
875,2025-03-02 22:28:26,davidsnyder463@gmail.com,davidsnyder463,nNZSUI7fy!7*
876,2025-03-02 23:32:30,jessicakline150@gmail.com,jessicakline150,p9j&!_3Q$qgV
877,2025-03-03 02:53:17,johnwarner645@gmail.com,johnwarner645,r$sEtv)^9Lb%
878,2025-03-03 03:01:07,dangriffin418@gmail.com,dangriffin418,!775Yh36C1SI
879,2025-03-03 03:23:48,tiffanymitchell279@gmail.com,tiffanymitchell279,dx8x9pdoP)@R
880,2025-03-03 04:32:52,marymorrow427@gmail.com,marymorrow427,NeFpU*wy$K1#
881,2025-03-03 05:50:27,jennifersmith723@gmail.com,jennifersmith723,_m*4iKp)HO)U
882,2025-03-03 07:18:01,thomaswatson948@gmail.com,thomaswatson948,*uT(t0w^^7vO
883,2025-03-03 09:02:08,julianrose588@gmail.com,julianrose588,I2)*hLEV62Wz
884,2025-03-03 09:46:22,angelawalker984@gmail.com,angelawalker984,&7fIIcCb871&
885,2025-03-03 10:02:40,alexandriamckinney819@gmail.com,alexandriamckinney819,!2wYS1GehaZU
886,2025-03-03 11:35:39,williambrown907@gmail.com,williambrown907,C6$QkBNH!osy
887,2025-03-03 12:13:51,thomasmatthews352@gmail.com,thomasmatthews352,)rg(Uc4u0ToW
888,2025-03-03 14:54:37,thomaslee966@gmail.com,thomaslee966,H%7l!ThQ%0*I
889,2025-03-03 16:33:27,coreyharris974@gmail.com,coreyharris974,*2rwKp4e$0Mb
890,2025-03-03 16:34:12,kristophersmith933@gmail.com,kristophersmith933,!23b2pU78&aI
891,2025-03-03 17:17:41,tammymann984@gmail.com,tammymann984,j!a6nRtc9QE@
892,2025-03-03 18:04:03,lisafleming282@gmail.com,lisafleming282,+M22HejY!)0#
893,2025-03-03 18:04:15,feliciacook869@gmail.com,feliciacook869,L9X91Pq_H$hq
894,2025-03-03 18:46:17,karenmartinez870@gmail.com,karenmartinez870,U%FaKu*hN959
895,2025-03-03 23:25:28,mitchelljohnson347@gmail.com,mitchelljohnson347,%Sa0I$c+66D_
896,2025-03-03 23:59:12,sarahwilliams291@gmail.com,sarahwilliams291,o(_FBNT4^8sh
897,2025-03-04 00:54:07,clairemartin626@gmail.com,clairemartin626,(q1LyVdd#6kw
898,2025-03-04 02:08:43,laurahuff571@gmail.com,laurahuff571,GY)8OSTA$vLJ
899,2025-03-04 04:08:06,michaelpage457@gmail.com,michaelpage457,VBZuDorB)7y9
900,2025-03-04 05:58:41,kellyross912@gmail.com,kellyross912,*9osw3hlnXTE
901,2025-03-04 07:55:30,edwinvaughn129@gmail.com,edwinvaughn129,X04WKjT4nXN#
902,2025-03-04 09:39:55,joshuablevins780@gmail.com,joshuablevins780,0(N82wmM!KU9
903,2025-03-04 10:10:05,annschmidt868@gmail.com,annschmidt868,T2!PM6mg39N5
904,2025-03-04 11:28:53,cindyclark518@gmail.com,cindyclark518,$4COcdre+PvU
905,2025-03-04 13:08:32,jessicamoore653@gmail.com,jessicamoore653,&PBKng2^7233
906,2025-03-04 14:11:56,brianbrewer557@gmail.com,brianbrewer557,#NAME?
907,2025-03-04 16:20:18,parkerwelch130@gmail.com,parkerwelch130,A$Is7X+eCiqM
908,2025-03-04 17:33:10,wandahernandez160@gmail.com,wandahernandez160,!3t8oKFYu2_Z
909,2025-03-04 18:03:55,johnrogers992@gmail.com,johnrogers992,6qw2DsvA!4gL
910,2025-03-04 18:51:45,tonycook309@gmail.com,tonycook309,&$(ii_Bv4#Em
911,2025-03-04 19:17:43,christinesaunders833@gmail.com,christinesaunders833,54jgZzj!%NXL
912,2025-03-04 19:29:37,jennifercolon897@gmail.com,jennifercolon897,!(wTJDNz1e#4
913,2025-03-05 00:22:53,travisgray951@gmail.com,travisgray951,4R$LAxG%7@O3
914,2025-03-05 00:49:46,kennethayala832@gmail.com,kennethayala832,wsc1ZwdN&JE7
915,2025-03-05 03:06:48,beverlywright292@gmail.com,beverlywright292,9g93iRDC^(kY
916,2025-03-05 06:10:02,georgegoodman944@gmail.com,georgegoodman944,51oATI5h+g3d
917,2025-03-05 09:02:53,brianfuentes983@gmail.com,brianfuentes983,o6uERfrO_s+Q
918,2025-03-05 09:44:09,johnpeterson843@gmail.com,johnpeterson843,^ND!&o(fs9HC
919,2025-03-05 11:51:53,robertmontgomery140@gmail.com,robertmontgomery140,)ZzHtir+Z_1(
920,2025-03-05 12:20:31,adamkemp965@gmail.com,adamkemp965,m^5_E!qAz%m9
921,2025-03-05 13:24:10,charlenecook133@gmail.com,charlenecook133,+3mADi3q2VeS
922,2025-03-05 13:24:14,ambercollins945@gmail.com,ambercollins945,4gS^gZjjM7dU
923,2025-03-05 14:42:42,debbiecase584@gmail.com,debbiecase584,_1SJbMGf+WQL
924,2025-03-05 15:24:42,derrickscott819@gmail.com,derrickscott819,m+0tBFxRGy^C
925,2025-03-05 23:02:07,jessicajohnson830@gmail.com,jessicajohnson830,))q21GUosO4O
926,2025-03-06 00:43:46,michaelbrown976@gmail.com,michaelbrown976,+gC$gzi@)F3A
927,2025-03-06 02:04:33,anthonysnow675@gmail.com,anthonysnow675,f0LOdMzyT_o&
928,2025-03-06 06:43:17,jameslee961@gmail.com,jameslee961,vs0k6TpN!!JH
929,2025-03-06 10:46:41,matthewjohnson448@gmail.com,matthewjohnson448,$4!3TlaV3n4O
930,2025-03-06 11:23:44,anitaguerrero284@gmail.com,anitaguerrero284,T4ptS5kg!cBB
931,2025-03-06 11:35:29,corykelley229@gmail.com,corykelley229,pe!SzG^nk73*
932,2025-03-06 12:10:59,michaelpatel772@gmail.com,michaelpatel772,(2VTL_$ISOKn
933,2025-03-06 13:47:37,craigcarter971@gmail.com,craigcarter971,uU5^TEeRGe(z
934,2025-03-06 17:35:01,juliaortega620@gmail.com,juliaortega620,sgn6&vWt$^XR
935,2025-03-06 17:55:11,michaelzuniga825@gmail.com,michaelzuniga825,(4*#fz!$2_5M
936,2025-03-06 18:15:57,austinjohnson478@gmail.com,austinjohnson478,(0woSHg4Y0vC
937,2025-03-07 02:43:04,adamgonzalez487@gmail.com,adamgonzalez487,s5VDyZx@&Qg)
938,2025-03-07 02:45:45,susandavis446@gmail.com,susandavis446,31wf_^9XaBB^
939,2025-03-07 03:35:29,allisonmorgan355@gmail.com,allisonmorgan355,#NAME?
940,2025-03-07 03:52:46,jenniferclayton574@gmail.com,jenniferclayton574,%49Epgfz(n1&
941,2025-03-07 07:24:03,joshuariley228@gmail.com,joshuariley228,Fp0X6l8eI*%f
942,2025-03-07 08:46:32,amyschneider976@gmail.com,amyschneider976,8d0KfxbLJ#70
943,2025-03-07 10:09:30,dannybishop603@gmail.com,dannybishop603,#NAME?
944,2025-03-07 10:51:47,cameronsmith415@gmail.com,cameronsmith415,X^5ZiFZzLD1I
945,2025-03-07 11:11:54,ashleystevens167@gmail.com,ashleystevens167,WcfRsFG8@E9C
946,2025-03-07 13:18:37,michellewest820@gmail.com,michellewest820,2259EWRugC_O
947,2025-03-07 15:15:52,jaredburke592@gmail.com,jaredburke592,#8x_S)GqFv^0
948,2025-03-07 16:02:43,jennifersparks342@gmail.com,jennifersparks342,KyvFtOewg2X)
949,2025-03-07 16:49:13,nicoleross399@gmail.com,nicoleross399,JA7TJHci_Q7U
950,2025-03-07 20:49:10,lisarobinson606@gmail.com,lisarobinson606,M_#Y9hqbHc9Z
951,2025-03-07 22:36:22,sharonmunoz362@gmail.com,sharonmunoz362,^YkTneU!iN9L
952,2025-03-07 23:25:31,georgewalker108@gmail.com,georgewalker108,2up4wNqCC57+
953,2025-03-08 00:27:12,michaeldelgado142@gmail.com,michaeldelgado142,XKJ9EUd6)(o8
954,2025-03-08 00:51:20,valeriesmith784@gmail.com,valeriesmith784,S0YDm564@Lpb
955,2025-03-08 02:30:20,matthewcarney865@gmail.com,matthewcarney865,f(WpBhNLt(1J
956,2025-03-08 03:07:32,feliciarios672@gmail.com,feliciarios672,#NAME?
957,2025-03-08 06:53:17,matthewcollins438@gmail.com,matthewcollins438,(xGOk7zR2J4K
958,2025-03-08 07:16:16,ryannorris222@gmail.com,ryannorris222,Y(4L*loomJYD
959,2025-03-08 08:24:54,lisanelson251@gmail.com,lisanelson251,63yi&Zyw!so*
960,2025-03-08 08:54:46,jorgebutler552@gmail.com,jorgebutler552,ZS44vWawn+!F
961,2025-03-08 10:07:39,micheleelliott500@gmail.com,micheleelliott500,_mV1^PAzO6_s
962,2025-03-08 10:31:20,adamhuynh489@gmail.com,adamhuynh489,CIG4Pl4nk_eA
963,2025-03-08 12:31:46,michaelbaker588@gmail.com,michaelbaker588,#NAME?
964,2025-03-08 13:01:41,justinwilliams676@gmail.com,justinwilliams676,^g(6XoZDF+i*
965,2025-03-08 13:17:14,sarahgilbert797@gmail.com,sarahgilbert797,4MZ)A9jua&B4
966,2025-03-08 14:13:30,angelacarter374@gmail.com,angelacarter374,0^$3bUPj2$&7
967,2025-03-08 17:43:46,colebailey225@gmail.com,colebailey225,^r(^FgBk9+d9
968,2025-03-08 19:55:47,ivanroach910@gmail.com,ivanroach910,KN+%2B#bGE^U
969,2025-03-08 21:06:26,brentporter332@gmail.com,brentporter332,q^@^V$Mq(hV3
970,2025-03-09 00:52:44,daniellevine303@gmail.com,daniellevine303,*_b8zcsv$x2N
971,2025-03-09 01:21:44,paulwatkins318@gmail.com,paulwatkins318,e4AZC2ZlT#ts
972,2025-03-09 04:45:12,christopherdominguez989@gmail.com,christopherdominguez989,n3z6fdPs##hf
973,2025-03-09 06:02:24,ronaldaguirre245@gmail.com,ronaldaguirre245,Ni8aZTIi(8EL
974,2025-03-09 06:28:19,gabrieltodd356@gmail.com,gabrieltodd356,^K18%NTu%uVJ
975,2025-03-09 07:22:51,stephengolden887@gmail.com,stephengolden887,!y9^hBrkuB#&
976,2025-03-09 08:36:26,virginiamason869@gmail.com,virginiamason869,K9wK5PDu!#5s
977,2025-03-09 10:20:41,danielscott880@gmail.com,danielscott880,K(rNpaUsbP8G
978,2025-03-09 13:34:29,donnawood197@gmail.com,donnawood197,(5hneEXNJzP^
979,2025-03-09 13:40:23,tracyfoster898@gmail.com,tracyfoster898,(c#RBhz@q7g(
980,2025-03-09 14:12:16,jameswagner370@gmail.com,jameswagner370,kwa2SPLl+fLh
981,2025-03-09 15:39:47,sarahjohnson713@gmail.com,sarahjohnson713,#arjFMoT&M8K
982,2025-03-09 15:39:51,maryware171@gmail.com,maryware171,d5b00ZB3+7A6
983,2025-03-09 17:44:50,chelseahuerta495@gmail.com,chelseahuerta495,F_#_2FlZJ#Im
984,2025-03-09 18:15:49,jamesfox951@gmail.com,jamesfox951,mb^m8KVt$Y$E
985,2025-03-09 18:57:36,timdrake182@gmail.com,timdrake182,_V%a3kSTL9Ta
986,2025-03-09 21:29:34,michaelwilliams749@gmail.com,michaelwilliams749,RFGOaNwc)z2l
987,2025-03-09 23:36:43,wandavasquez893@gmail.com,wandavasquez893,(U9ToGHLpYbJ
988,2025-03-10 00:03:25,susansmith705@gmail.com,susansmith705,GH4)8yxA3FPu
989,2025-03-10 00:52:14,joshuamoore367@gmail.com,joshuamoore367,nRmJ(kSMk0i%
990,2025-03-10 01:31:02,omarwilliams569@gmail.com,omarwilliams569,lz##gHJxf2x4
991,2025-03-10 01:33:17,tylercolon556@gmail.com,tylercolon556,(RQOqZrYfh5G
992,2025-03-10 04:02:10,juandavis677@gmail.com,juandavis677,b3BA@$tZ$rs#
993,2025-03-10 05:27:08,kathrynanderson769@gmail.com,kathrynanderson769,x^h3k$Xs!TQ3
994,2025-03-10 08:33:52,maryjuarez477@gmail.com,maryjuarez477,@)5Epxf!$IvE
995,2025-03-10 12:28:51,angelruiz528@gmail.com,angelruiz528,#NAME?
996,2025-03-10 13:23:12,michaelramirez485@gmail.com,michaelramirez485,)SWj+sIWj1Wa
997,2025-03-10 15:34:09,hollybarnes524@gmail.com,hollybarnes524,**AAcvsB7j$$
998,2025-03-10 17:59:45,jacksonmyers864@gmail.com,jacksonmyers864,L(#6Mumglqp)
999,2025-03-10 19:19:17,julieschmidt359@gmail.com,julieschmidt359,m6tjKdLZ@mAq
1000,2025-03-10 23:24:37,benjamingallegos796@gmail.com,benjamingallegos796,FxP*EquN^9F6
