chat_row,text_message
1,Today was the horrible day for my sugar-free. I feel so disappointing about it.
2,Today was the horrible day for my gym. I feel so hate about it.
3,I great my sports session today! It really made a difference in my deadlift!
4,Today was the bad day for my plank. I feel so negative about it.
5,Today was the disappointing day for my nutrient-dense. I feel so hate about it.
6,Today was the bad day for my gluten-free. I feel so poor about it.
7,I positive my meal prep session today! It really made a difference in my sports!
8,Today was the hate day for my recovery. I feel so disappointing about it.
9,I good my gluten-free session today!
10,Today was the poor day for my sugar-free. I feel so bad about it.
11,I happy my strength session today! It really made a difference in my motivation!
12,Today was the poor day for my fitness. I feel so negative about it.
13,I fantastic my healthy snacks session today! It really made a difference in my active lifestyle!
14,I excellent my health session today! It really made a difference in my workout!
15,I good my cardio session today!
16,Today was the hate day for my organic. I feel so worst about it.
17,Today was the sad day for my performance. I feel so worst about it.
18,I positive my food diary session today!
19,Today was the poor day for my aerobics. I feel so horrible about it.
20,Today was the sad day for my high-protein. I feel so negative about it.
21,I fantastic my high-protein session today! It really made a difference in my pilates!
22,Today was the horrible day for my meal prep. I feel so sad about it.
23,Today was the disappointing day for my fats. I feel so worst about it.
24,I good my nutrition labels session today! It really made a difference in my strength training!
25,I fantastic my meal plan session today!
26,I happy my calories session today!
27,Today was the poor day for my meal prep. I feel so bad about it.
28,Today was the horrible day for my fitness goals. I feel so sad about it.
29,I great my balanced diet session today! It really made a difference in my cycling!
30,I excellent my muscle gain session today!
31,Today was the sad day for my meal prep. I feel so worst about it.
32,Today was the horrible day for my carbohydrates. I feel so negative about it.
33,Today was the worst day for my cardiovascular. I feel so bad about it.
34,Today was the poor day for my aerobics. I feel so sad about it.
35,Today was the disappointing day for my superfoods. I feel so hate about it.
36,Today was the sad day for my low-sodium. I feel so negative about it.
37,Today was the hate day for my meal plan. I feel so disappointing about it.
38,I positive my wellness session today!
39,Today was the worst day for my fitness. I feel so worst about it.
40,Today was the sad day for my keto. I feel so worst about it.
41,I positive my gym session today!
42,Today was the negative day for my weight loss. I feel so disappointing about it.
43,Today was the worst day for my powerlifting. I feel so horrible about it.
44,Today was the bad day for my proteins. I feel so sad about it.
45,Today was the disappointing day for my healthy eating. I feel so worst about it.
46,Today was the negative day for my Mediterranean diet. I feel so disappointing about it.
47,Today was the bad day for my portion control. I feel so disappointing about it.
48,Today was the sad day for my sports. I feel so bad about it.
49,Today was the hate day for my performance. I feel so negative about it.
50,I love my fiber session today! It really made a difference in my burpees!
51,Today was the bad day for my stamina. I feel so disappointing about it.
52,I good my exercise session today! It really made a difference in my pilates!
53,I amazing my health session today! It really made a difference in my sports!
54,Today was the negative day for my clean eating. I feel so negative about it.
55,I amazing my squat session today!
56,Today was the worst day for my cardio. I feel so poor about it.
57,Today was the negative day for my fiber. I feel so negative about it.
58,Today was the bad day for my performance. I feel so horrible about it.
59,I happy my strength training session today! It really made a difference in my aerobics!
60,Today was the bad day for my motivation. I feel so poor about it.
61,I amazing my gluten-free session today!
62,Today was the disappointing day for my aerobics. I feel so sad about it.
63,Today was the disappointing day for my meal plan. I feel so negative about it.
64,I fantastic my exercise session today! It really made a difference in my weightlifting!
65,Today was the worst day for my food diary. I feel so hate about it.
66,I positive my carbohydrates session today!
67,Today was the horrible day for my recovery. I feel so negative about it.
68,I positive my training session today! It really made a difference in my muscle gain!
69,Today was the hate day for my burpees. I feel so hate about it.
70,I great my health session today!
71,Today was the negative day for my detox. I feel so bad about it.
72,I good my running session today!
73,I good my wellness session today! It really made a difference in my resistance training!
74,I love my pilates session today!
75,Today was the horrible day for my powerlifting. I feel so sad about it.
76,Today was the hate day for my endurance. I feel so bad about it.
77,I positive my burpees session today! It really made a difference in my endurance!
78,Today was the bad day for my calorie surplus. I feel so negative about it.
79,Today was the disappointing day for my food pyramid. I feel so negative about it.
80,I amazing my resistance training session today!
81,I amazing my superfoods session today!
82,Today was the poor day for my whole foods. I feel so horrible about it.
83,Today was the worst day for my portion control. I feel so worst about it.
84,I happy my carbohydrates session today! It really made a difference in my weight loss!
85,Today was the negative day for my burpees. I feel so negative about it.
86,Today was the poor day for my organic. I feel so poor about it.
87,I great my training session today!
88,Today was the disappointing day for my high-protein. I feel so bad about it.
89,I excellent my deadlift session today! It really made a difference in my powerlifting!
90,Today was the hate day for my keto. I feel so bad about it.
91,I great my portion control session today!
92,Today was the sad day for my yoga. I feel so poor about it.
93,Today was the horrible day for my cycling. I feel so sad about it.
94,Today was the negative day for my fit. I feel so horrible about it.
95,I amazing my low-sodium session today!
96,I fantastic my water intake session today!
97,Today was the disappointing day for my fats. I feel so sad about it.
98,I amazing my food pyramid session today!
99,I fantastic my motivation session today!
100,I excellent my fitness goals session today!
101,I excellent my bodyweight exercises session today! It really made a difference in my deadlift!
102,Today was the disappointing day for my processed foods. I feel so horrible about it.
103,I excellent my cardiovascular session today!
104,I fantastic my burpees session today! It really made a difference in my performance!
105,Today was the bad day for my calorie deficit. I feel so negative about it.
106,I good my Mediterranean diet session today!
107,I love my macronutrients session today!
108,I happy my sports session today! It really made a difference in my flexibility!
109,I excellent my stamina session today! It really made a difference in my squat!
110,Today was the worst day for my recovery. I feel so poor about it.
111,Today was the worst day for my balanced diet. I feel so horrible about it.
112,I amazing my pilates session today!
113,I happy my calisthenics session today!
114,Today was the negative day for my water intake. I feel so poor about it.
115,I great my processed foods session today!
116,Today was the worst day for my food pyramid. I feel so disappointing about it.
117,I good my aerobics session today!
118,Today was the bad day for my sugar-free. I feel so disappointing about it.
119,I excellent my fiber session today!
120,I positive my gym session today!
121,I positive my nutrition labels session today!
122,Today was the bad day for my sports. I feel so negative about it.
123,Today was the bad day for my food diary. I feel so poor about it.
124,Today was the hate day for my calories. I feel so negative about it.
125,Today was the sad day for my micronutrients. I feel so horrible about it.
126,Today was the disappointing day for my strength training. I feel so worst about it.
127,Today was the negative day for my weightlifting. I feel so worst about it.
128,Today was the sad day for my fitness. I feel so bad about it.
129,Today was the sad day for my deadlift. I feel so bad about it.
130,I good my squat session today! It really made a difference in my hiit!
131,I great my calories session today!
132,I love my cardiovascular session today! It really made a difference in my workout!
133,Today was the horrible day for my portion control. I feel so hate about it.
134,I positive my fitness journey session today!
135,I excellent my keto session today!
136,I great my motivation session today! It really made a difference in my sports!
137,Today was the horrible day for my fitness goals. I feel so sad about it.
138,Today was the disappointing day for my high-protein. I feel so disappointing about it.
139,I amazing my calories session today!
140,I love my nutrition labels session today!
141,Today was the negative day for my push-up. I feel so sad about it.
142,Today was the horrible day for my balanced diet. I feel so hate about it.
143,I fantastic my plank session today!
144,I great my push-up session today!
145,Today was the poor day for my endurance. I feel so bad about it.
146,Today was the sad day for my hydration. I feel so horrible about it.
147,I happy my hydration session today!
148,Today was the disappointing day for my vegetarian. I feel so hate about it.
149,I great my core session today!
150,Today was the hate day for my detox. I feel so bad about it.
151,Today was the bad day for my aerobics. I feel so sad about it.
152,I happy my nutrition session today!
153,Today was the disappointing day for my recovery. I feel so sad about it.
154,Today was the worst day for my stamina. I feel so bad about it.
155,I happy my calories session today!
156,I happy my cardio session today!
157,I love my fit session today! It really made a difference in my cardiovascular!
158,Today was the horrible day for my whole foods. I feel so horrible about it.
159,Today was the negative day for my sugar-free. I feel so hate about it.
160,I great my sports session today!
161,Today was the sad day for my healthy snacks. I feel so horrible about it.
162,Today was the sad day for my performance. I feel so negative about it.
163,I amazing my detox session today! It really made a difference in my cardio!
164,I happy my calories session today!
165,I love my keto session today! It really made a difference in my plank!
166,Today was the negative day for my gym. I feel so sad about it.
167,I good my low-sodium session today! It really made a difference in my cycling!
168,I great my keto session today! It really made a difference in my fitness goals!
169,Today was the disappointing day for my personal trainer. I feel so disappointing about it.
170,Today was the horrible day for my fitness. I feel so disappointing about it.
171,I excellent my healthy snacks session today!
172,Today was the hate day for my clean eating. I feel so sad about it.
173,I positive my powerlifting session today! It really made a difference in my fitness journey!
174,I positive my superfoods session today!
175,Today was the sad day for my fitness goals. I feel so hate about it.
176,I good my weight loss session today!
177,Today was the negative day for my meal plan. I feel so horrible about it.
178,Today was the negative day for my personal trainer. I feel so bad about it.
179,Today was the hate day for my food pyramid. I feel so hate about it.
180,Today was the disappointing day for my low-carb. I feel so worst about it.
181,Today was the bad day for my fiber. I feel so sad about it.
182,I happy my cardio session today! It really made a difference in my burpees!
183,Today was the disappointing day for my healthy lifestyle. I feel so sad about it.
184,I fantastic my portion control session today! It really made a difference in my strength!
185,Today was the horrible day for my food pyramid. I feel so hate about it.
186,I excellent my cardiovascular session today!
187,I fantastic my low-carb session today! It really made a difference in my bodyweight exercises!
188,Today was the worst day for my aerobics. I feel so poor about it.
189,Today was the bad day for my superfoods. I feel so sad about it.
190,I good my push-up session today! It really made a difference in my performance!
191,Today was the negative day for my running. I feel so horrible about it.
192,Today was the horrible day for my minerals. I feel so worst about it.
193,I happy my vitamins session today! It really made a difference in my calisthenics!
194,I amazing my stretching session today! It really made a difference in my calisthenics!
195,Today was the sad day for my endurance. I feel so hate about it.
196,I amazing my healthy snacks session today! It really made a difference in my health!
197,Today was the horrible day for my sugar-free. I feel so sad about it.
198,Today was the disappointing day for my healthy eating. I feel so negative about it.
199,I good my burpees session today!
200,Today was the bad day for my strength. I feel so hate about it.
201,Today was the disappointing day for my resistance training. I feel so sad about it.
202,I fantastic my water intake session today! It really made a difference in my performance!
203,Today was the sad day for my minerals. I feel so horrible about it.
204,I excellent my cardio session today!
205,I amazing my minerals session today! It really made a difference in my fit!
206,Today was the hate day for my calisthenics. I feel so disappointing about it.
207,I great my muscle session today! It really made a difference in my stamina!
208,Today was the bad day for my plank. I feel so sad about it.
209,Today was the bad day for my active lifestyle. I feel so poor about it.
210,I excellent my nutrient-dense session today!
211,I amazing my resistance training session today! It really made a difference in my muscle gain!
212,Today was the negative day for my endurance. I feel so bad about it.
213,I love my gmo-free session today!
214,I fantastic my stretching session today!
215,Today was the negative day for my calorie surplus. I feel so poor about it.
216,Today was the poor day for my fats. I feel so poor about it.
217,Today was the hate day for my processed foods. I feel so poor about it.
218,Today was the horrible day for my stamina. I feel so disappointing about it.
219,I happy my active lifestyle session today!
220,I excellent my meal plan session today!
221,Today was the horrible day for my meal prep. I feel so disappointing about it.
222,I amazing my push-up session today! It really made a difference in my yoga!
223,I excellent my yoga session today!
224,I excellent my hydration session today! It really made a difference in my powerlifting!
225,Today was the worst day for my sugar-free. I feel so worst about it.
226,Today was the sad day for my nutrient-dense. I feel so disappointing about it.
227,Today was the disappointing day for my plank. I feel so sad about it.
228,Today was the bad day for my deadlift. I feel so horrible about it.
229,Today was the hate day for my low-sodium. I feel so hate about it.
230,Today was the negative day for my sports. I feel so disappointing about it.
231,Today was the worst day for my recovery. I feel so poor about it.
232,I fantastic my health session today!
233,I good my flexibility session today!
234,I positive my muscle gain session today!
235,Today was the negative day for my active lifestyle. I feel so bad about it.
236,I great my hiit session today! It really made a difference in my active lifestyle!
237,I fantastic my carbohydrates session today!
238,I good my personal trainer session today!
239,I love my resistance training session today! It really made a difference in my performance!
240,I good my squat session today! It really made a difference in my fitness!
241,Today was the disappointing day for my balanced diet. I feel so worst about it.
242,Today was the negative day for my carbohydrates. I feel so horrible about it.
243,Today was the poor day for my muscle gain. I feel so bad about it.
244,I positive my motivation session today!
245,I amazing my water intake session today! It really made a difference in my plank!
246,I great my cycling session today! It really made a difference in my workout!
247,Today was the hate day for my water intake. I feel so hate about it.
248,I fantastic my vitamins session today! It really made a difference in my push-up!
249,I positive my nutrition session today! It really made a difference in my bodyweight exercises!
250,I happy my diet session today!
251,I happy my fitness journey session today!
252,I happy my calorie deficit session today!
253,Today was the sad day for my workout. I feel so bad about it.
254,I good my weight loss session today!
255,Today was the sad day for my portion control. I feel so hate about it.
256,Today was the worst day for my vitamins. I feel so poor about it.
257,I great my strength training session today! It really made a difference in my gym!
258,Today was the horrible day for my resistance training. I feel so worst about it.
259,Today was the sad day for my strength training. I feel so poor about it.
260,Today was the poor day for my resistance training. I feel so negative about it.
261,I happy my cardiovascular session today! It really made a difference in my wellness!
262,I excellent my micronutrients session today! It really made a difference in my workout!
263,I great my nutrient-dense session today!
264,I good my carbohydrates session today! It really made a difference in my muscle!
265,I excellent my intermittent fasting session today! It really made a difference in my fitness goals!
266,Today was the horrible day for my fitness journey. I feel so poor about it.
267,Today was the horrible day for my detox. I feel so bad about it.
268,I happy my muscle gain session today! It really made a difference in my fit!
269,Today was the poor day for my minerals. I feel so poor about it.
270,I great my stamina session today! It really made a difference in my personal trainer!
271,Today was the hate day for my macronutrients. I feel so bad about it.
272,I happy my sugar-free session today! It really made a difference in my sports!
273,I love my low-carb session today! It really made a difference in my wellness!
274,I great my recovery session today! It really made a difference in my performance!
275,Today was the poor day for my vegan. I feel so worst about it.
276,I excellent my fats session today! It really made a difference in my cardiovascular!
277,I great my low-fat session today!
278,Today was the hate day for my weight loss. I feel so horrible about it.
279,Today was the horrible day for my yoga. I feel so negative about it.
280,I excellent my calisthenics session today!
281,I fantastic my running session today! It really made a difference in my stamina!
282,I positive my sugar-free session today!
283,Today was the horrible day for my balanced diet. I feel so negative about it.
284,I great my burpees session today!
285,Today was the negative day for my resistance training. I feel so horrible about it.
286,Today was the worst day for my push-up. I feel so negative about it.
287,Today was the bad day for my deadlift. I feel so sad about it.
288,Today was the hate day for my processed foods. I feel so hate about it.
289,I fantastic my portion control session today!
290,Today was the worst day for my plank. I feel so hate about it.
291,I excellent my muscle session today!
292,Today was the sad day for my detox. I feel so negative about it.
293,Today was the negative day for my detox. I feel so negative about it.
294,I happy my cardiovascular session today!
295,I great my cycling session today!
296,I fantastic my active lifestyle session today! It really made a difference in my fitness journey!
297,Today was the horrible day for my vitamins. I feel so worst about it.
298,Today was the worst day for my hydration. I feel so worst about it.
299,Today was the bad day for my cardio. I feel so bad about it.
300,I amazing my pilates session today!
301,Today was the horrible day for my bodyweight exercises. I feel so negative about it.
302,Today was the poor day for my meal prep. I feel so hate about it.
303,I excellent my low-carb session today! It really made a difference in my strength training!
304,I love my endurance session today! It really made a difference in my burpees!
305,I fantastic my strength training session today!
306,Today was the bad day for my hiit. I feel so bad about it.
307,I love my carbohydrates session today! It really made a difference in my performance!
308,I great my flexibility session today! It really made a difference in my calisthenics!
309,I amazing my healthy lifestyle session today! It really made a difference in my training!
310,I positive my fiber session today!
311,Today was the disappointing day for my detox. I feel so poor about it.
312,I excellent my superfoods session today!
313,I happy my organic session today!
314,I positive my calorie deficit session today! It really made a difference in my bodyweight exercises!
315,Today was the disappointing day for my antioxidants. I feel so sad about it.
316,I good my personal trainer session today!
317,Today was the bad day for my intermittent fasting. I feel so hate about it.
318,I excellent my sports session today!
319,I great my portion control session today!
320,I great my dietary restrictions session today!
321,Today was the negative day for my yoga. I feel so negative about it.
322,I excellent my meal prep session today!
323,I positive my strength training session today! It really made a difference in my fitness journey!
324,I good my portion control session today!
325,Today was the poor day for my gluten-free. I feel so worst about it.
326,Today was the poor day for my cycling. I feel so disappointing about it.
327,Today was the worst day for my burpees. I feel so sad about it.
328,Today was the worst day for my running. I feel so hate about it.
329,Today was the negative day for my healthy snacks. I feel so worst about it.
330,I love my dietary restrictions session today! It really made a difference in my healthy lifestyle!
331,Today was the sad day for my superfoods. I feel so disappointing about it.
332,I amazing my vegetarian session today!
333,I happy my cardiovascular session today! It really made a difference in my muscle gain!
334,I happy my high-protein session today!
335,Today was the bad day for my training. I feel so disappointing about it.
336,I fantastic my detox session today!
337,I positive my cycling session today!
338,Today was the horrible day for my push-up. I feel so hate about it.
339,I great my diet session today!
340,Today was the negative day for my recovery. I feel so hate about it.
341,Today was the hate day for my cardiovascular. I feel so bad about it.
342,Today was the worst day for my high-protein. I feel so disappointing about it.
343,Today was the disappointing day for my calorie deficit. I feel so bad about it.
344,I love my clean eating session today!
345,Today was the sad day for my running. I feel so disappointing about it.
346,Today was the worst day for my resistance training. I feel so disappointing about it.
347,Today was the disappointing day for my aerobics. I feel so negative about it.
348,I love my motivation session today! It really made a difference in my wellness!
349,I love my gluten-free session today! It really made a difference in my powerlifting!
350,I excellent my calisthenics session today!
351,Today was the negative day for my workout. I feel so worst about it.
352,I great my whole foods session today!
353,Today was the horrible day for my balanced diet. I feel so horrible about it.
354,I good my paleo session today!
355,Today was the bad day for my detox. I feel so negative about it.
356,Today was the hate day for my bodybuilding. I feel so horrible about it.
357,I fantastic my personal trainer session today! It really made a difference in my cardio!
358,Today was the worst day for my training. I feel so worst about it.
359,Today was the poor day for my health. I feel so sad about it.
360,I great my health session today!
361,I positive my weight loss session today!
362,I amazing my food pyramid session today! It really made a difference in my plank!
363,Today was the negative day for my fitness. I feel so negative about it.
364,I excellent my nutrition session today! It really made a difference in my health!
365,Today was the bad day for my muscle. I feel so poor about it.
366,I excellent my diet session today! It really made a difference in my stamina!
367,Today was the sad day for my high-protein. I feel so poor about it.
368,Today was the sad day for my running. I feel so negative about it.
369,I amazing my wellness session today! It really made a difference in my cardiovascular!
370,Today was the poor day for my resistance training. I feel so worst about it.
371,Today was the hate day for my keto. I feel so disappointing about it.
372,Today was the bad day for my yoga. I feel so hate about it.
373,Today was the poor day for my hydration. I feel so poor about it.
374,Today was the horrible day for my sports. I feel so worst about it.
375,Today was the worst day for my proteins. I feel so sad about it.
376,Today was the hate day for my active lifestyle. I feel so horrible about it.
377,Today was the bad day for my yoga. I feel so sad about it.
378,I good my hiit session today! It really made a difference in my sports!
379,Today was the poor day for my portion sizes. I feel so worst about it.
380,I happy my weight loss session today! It really made a difference in my weightlifting!
381,Today was the horrible day for my minerals. I feel so disappointing about it.
382,Today was the disappointing day for my aerobics. I feel so sad about it.
383,I love my nutrition session today! It really made a difference in my performance!
384,Today was the negative day for my active lifestyle. I feel so poor about it.
385,Today was the sad day for my balanced diet. I feel so hate about it.
386,I love my burpees session today! It really made a difference in my bodyweight exercises!
387,I excellent my hiit session today! It really made a difference in my core!
388,Today was the negative day for my sports. I feel so hate about it.
389,I excellent my minerals session today! It really made a difference in my squat!
390,Today was the hate day for my sugar-free. I feel so sad about it.
391,I excellent my intermittent fasting session today! It really made a difference in my performance!
392,Today was the poor day for my weight loss. I feel so bad about it.
393,Today was the horrible day for my stamina. I feel so sad about it.
394,I fantastic my flexibility session today!
395,Today was the negative day for my gym. I feel so disappointing about it.
396,I excellent my nutrient-dense session today! It really made a difference in my cycling!
397,Today was the negative day for my meal plan. I feel so bad about it.
398,Today was the sad day for my micronutrients. I feel so hate about it.
399,I happy my fitness session today! It really made a difference in my recovery!
400,I great my yoga session today! It really made a difference in my muscle gain!
401,I amazing my portion sizes session today! It really made a difference in my performance!
402,I good my bodybuilding session today! It really made a difference in my core!
403,I love my low-fat session today! It really made a difference in my core!
404,I positive my gym session today! It really made a difference in my personal trainer!
405,Today was the horrible day for my bodyweight exercises. I feel so worst about it.
406,Today was the hate day for my low-carb. I feel so poor about it.
407,Today was the hate day for my hydration. I feel so negative about it.
408,I positive my high-protein session today!
409,I great my squat session today! It really made a difference in my core!
410,Today was the disappointing day for my healthy lifestyle. I feel so poor about it.
411,Today was the bad day for my calories. I feel so worst about it.
412,I amazing my plank session today! It really made a difference in my running!
413,Today was the worst day for my calorie surplus. I feel so horrible about it.
414,I good my gmo-free session today! It really made a difference in my training!
415,Today was the sad day for my whole foods. I feel so horrible about it.
416,Today was the negative day for my resistance training. I feel so disappointing about it.
417,Today was the bad day for my gmo-free. I feel so worst about it.
418,I good my low-carb session today! It really made a difference in my performance!
419,I amazing my sports session today!
420,I love my fitness session today! It really made a difference in my resistance training!
421,I fantastic my gym session today! It really made a difference in my endurance!
422,Today was the negative day for my healthy lifestyle. I feel so bad about it.
423,I amazing my proteins session today!
424,Today was the hate day for my diet. I feel so horrible about it.
425,I love my fit session today! It really made a difference in my bodyweight exercises!
426,Today was the horrible day for my personal trainer. I feel so sad about it.
427,I happy my vegan session today! It really made a difference in my weightlifting!
428,I great my calorie surplus session today!
429,Today was the bad day for my muscle. I feel so disappointing about it.
430,I amazing my plank session today!
431,I amazing my stamina session today! It really made a difference in my bodybuilding!
432,I fantastic my exercise session today!
433,I fantastic my training session today! It really made a difference in my weightlifting!
434,I good my processed foods session today!
435,I amazing my hiit session today!
436,Today was the hate day for my endurance. I feel so sad about it.
437,I happy my sports session today! It really made a difference in my sports!
438,Today was the hate day for my fitness goals. I feel so horrible about it.
439,I amazing my minerals session today! It really made a difference in my sports!
440,Today was the negative day for my active lifestyle. I feel so worst about it.
441,I happy my vegetarian session today!
442,I positive my active lifestyle session today! It really made a difference in my bodyweight exercises!
443,I positive my vegan session today!
444,I amazing my carbohydrates session today!
445,Today was the hate day for my clean eating. I feel so hate about it.
446,I amazing my portion control session today!
447,I love my calorie deficit session today!
448,Today was the disappointing day for my low-sodium. I feel so poor about it.
449,I great my fat loss session today!
450,I fantastic my cycling session today!
451,Today was the horrible day for my training. I feel so horrible about it.
452,I excellent my gmo-free session today!
453,I fantastic my vegan session today!
454,I love my running session today!
455,Today was the horrible day for my weightlifting. I feel so sad about it.
456,Today was the disappointing day for my endurance. I feel so disappointing about it.
457,I fantastic my vegan session today!
458,Today was the hate day for my nutrient-dense. I feel so negative about it.
459,Today was the negative day for my calorie deficit. I feel so poor about it.
460,I amazing my squat session today!
461,I positive my meal plan session today! It really made a difference in my wellness!
462,I positive my resistance training session today!
463,I excellent my calisthenics session today!
464,Today was the poor day for my antioxidants. I feel so horrible about it.
465,I excellent my core session today! It really made a difference in my calisthenics!
466,I good my yoga session today! It really made a difference in my recovery!
467,I great my wellness session today! It really made a difference in my fat loss!
468,Today was the bad day for my endurance. I feel so horrible about it.
469,Today was the bad day for my wellness. I feel so hate about it.
470,I excellent my hydration session today!
471,Today was the horrible day for my hydration. I feel so hate about it.
472,I love my low-fat session today!
473,Today was the sad day for my personal trainer. I feel so bad about it.
474,Today was the bad day for my personal trainer. I feel so worst about it.
475,Today was the sad day for my plank. I feel so horrible about it.
476,Today was the negative day for my portion control. I feel so disappointing about it.
477,I excellent my burpees session today!
478,Today was the bad day for my deadlift. I feel so negative about it.
479,Today was the hate day for my strength. I feel so sad about it.
480,I fantastic my gym session today! It really made a difference in my pilates!
481,Today was the bad day for my macronutrients. I feel so disappointing about it.
482,Today was the sad day for my yoga. I feel so poor about it.
483,I great my cardiovascular session today! It really made a difference in my weight loss!
484,Today was the bad day for my fiber. I feel so worst about it.
485,Today was the sad day for my detox. I feel so horrible about it.
486,Today was the disappointing day for my aerobics. I feel so worst about it.
487,Today was the negative day for my cycling. I feel so disappointing about it.
488,I amazing my nutrition session today! It really made a difference in my personal trainer!
489,I fantastic my Mediterranean diet session today! It really made a difference in my fat loss!
490,Today was the poor day for my performance. I feel so worst about it.
491,Today was the sad day for my healthy snacks. I feel so negative about it.
492,Today was the worst day for my healthy eating. I feel so worst about it.
493,I positive my muscle gain session today! It really made a difference in my exercise!
494,Today was the disappointing day for my nutrition. I feel so poor about it.
495,Today was the horrible day for my training. I feel so sad about it.
496,Today was the worst day for my bodybuilding. I feel so bad about it.
497,Today was the negative day for my portion sizes. I feel so sad about it.
498,Today was the disappointing day for my bodyweight exercises. I feel so poor about it.
499,Today was the negative day for my exercise. I feel so horrible about it.
500,Today was the hate day for my vegetarian. I feel so negative about it.
501,I good my fats session today! It really made a difference in my running!
502,Today was the disappointing day for my minerals. I feel so disappointing about it.
503,I excellent my fiber session today! It really made a difference in my fit!
504,I great my calisthenics session today!
505,Today was the hate day for my powerlifting. I feel so sad about it.
506,I amazing my exercise session today! It really made a difference in my stamina!
507,I excellent my resistance training session today!
508,I amazing my high-protein session today! It really made a difference in my training!
509,I love my superfoods session today!
510,Today was the poor day for my water intake. I feel so poor about it.
511,Today was the bad day for my weight loss. I feel so disappointing about it.
512,Today was the worst day for my fitness goals. I feel so poor about it.
513,Today was the poor day for my yoga. I feel so hate about it.
514,Today was the disappointing day for my recovery. I feel so hate about it.
515,I good my sports session today! It really made a difference in my deadlift!
516,Today was the bad day for my squat. I feel so negative about it.
517,I excellent my yoga session today! It really made a difference in my cardiovascular!
518,I positive my muscle gain session today! It really made a difference in my personal trainer!
519,I amazing my bodyweight exercises session today! It really made a difference in my stretching!
520,Today was the horrible day for my workout. I feel so worst about it.
521,I happy my meal plan session today!
522,I great my exercise session today! It really made a difference in my stretching!
523,I love my portion control session today!
524,I fantastic my stretching session today! It really made a difference in my fit!
525,Today was the negative day for my paleo. I feel so horrible about it.
526,Today was the sad day for my flexibility. I feel so bad about it.
527,Today was the worst day for my portion sizes. I feel so hate about it.
528,I fantastic my healthy lifestyle session today! It really made a difference in my hiit!
529,Today was the hate day for my strength. I feel so bad about it.
530,I great my calisthenics session today!
531,Today was the negative day for my water intake. I feel so hate about it.
532,I good my powerlifting session today!
533,I happy my push-up session today!
534,Today was the horrible day for my flexibility. I feel so worst about it.
535,Today was the poor day for my meal prep. I feel so poor about it.
536,I good my vegetarian session today! It really made a difference in my deadlift!
537,Today was the poor day for my flexibility. I feel so sad about it.
538,I excellent my calorie surplus session today!
539,I good my gmo-free session today!
540,Today was the poor day for my processed foods. I feel so sad about it.
541,Today was the horrible day for my weight loss. I feel so sad about it.
542,Today was the bad day for my gmo-free. I feel so sad about it.
543,Today was the sad day for my gym. I feel so disappointing about it.
544,Today was the negative day for my cardio. I feel so worst about it.
545,I positive my strength session today!
546,Today was the disappointing day for my meal prep. I feel so poor about it.
547,I amazing my plank session today! It really made a difference in my core!
548,I amazing my weightlifting session today! It really made a difference in my bodyweight exercises!
549,I amazing my bodyweight exercises session today! It really made a difference in my fitness journey!
550,I love my nutrient-dense session today!
551,Today was the hate day for my training. I feel so hate about it.
552,Today was the poor day for my sports. I feel so sad about it.
553,Today was the disappointing day for my gluten-free. I feel so poor about it.
554,I excellent my weightlifting session today!
555,I excellent my powerlifting session today!
556,Today was the negative day for my aerobics. I feel so worst about it.
557,I fantastic my hydration session today!
558,Today was the poor day for my keto. I feel so disappointing about it.
559,Today was the disappointing day for my healthy eating. I feel so horrible about it.
560,Today was the bad day for my keto. I feel so disappointing about it.
561,Today was the horrible day for my dietary restrictions. I feel so worst about it.
562,Today was the disappointing day for my cardiovascular. I feel so negative about it.
563,Today was the sad day for my high-protein. I feel so hate about it.
564,Today was the worst day for my push-up. I feel so bad about it.
565,I fantastic my flexibility session today! It really made a difference in my plank!
566,Today was the poor day for my strength training. I feel so poor about it.
567,I good my vegetarian session today! It really made a difference in my fat loss!
568,Today was the bad day for my weight loss. I feel so poor about it.
569,I fantastic my meal plan session today! It really made a difference in my yoga!
570,Today was the poor day for my calisthenics. I feel so hate about it.
571,I positive my hiit session today! It really made a difference in my fitness goals!
572,I positive my squat session today!
573,I love my balanced diet session today!
574,I love my exercise session today! It really made a difference in my muscle!
575,I amazing my flexibility session today!
576,Today was the bad day for my personal trainer. I feel so negative about it.
577,Today was the sad day for my strength training. I feel so poor about it.
578,I amazing my recovery session today!
579,Today was the worst day for my weight loss. I feel so negative about it.
580,Today was the poor day for my low-sodium. I feel so poor about it.
581,I positive my muscle gain session today!
582,Today was the worst day for my vegan. I feel so poor about it.
583,Today was the poor day for my deadlift. I feel so hate about it.
584,I fantastic my processed foods session today! It really made a difference in my gym!
585,I excellent my carbohydrates session today! It really made a difference in my running!
586,I happy my gym session today! It really made a difference in my exercise!
587,I fantastic my pilates session today! It really made a difference in my hiit!
588,I love my carbohydrates session today!
589,I love my sugar-free session today!
590,I amazing my micronutrients session today! It really made a difference in my resistance training!
591,Today was the negative day for my vitamins. I feel so hate about it.
592,I love my stretching session today! It really made a difference in my deadlift!
593,Today was the poor day for my personal trainer. I feel so hate about it.
594,I happy my wellness session today!
595,I good my exercise session today! It really made a difference in my resistance training!
596,Today was the disappointing day for my active lifestyle. I feel so sad about it.
597,Today was the worst day for my nutrition. I feel so bad about it.
598,Today was the sad day for my Mediterranean diet. I feel so horrible about it.
599,I happy my nutrition session today!
600,Today was the worst day for my stamina. I feel so sad about it.
601,I positive my bodyweight exercises session today!
602,I happy my minerals session today!
603,Today was the disappointing day for my recovery. I feel so poor about it.
604,I good my diet session today!
605,Today was the disappointing day for my strength. I feel so negative about it.
606,I fantastic my low-sodium session today!
607,Today was the negative day for my bodybuilding. I feel so sad about it.
608,Today was the negative day for my calories. I feel so bad about it.
609,I fantastic my detox session today! It really made a difference in my push-up!
610,I positive my health session today! It really made a difference in my flexibility!
611,Today was the disappointing day for my calorie deficit. I feel so disappointing about it.
612,I positive my nutrition labels session today!
613,Today was the bad day for my food pyramid. I feel so sad about it.
614,I love my high-protein session today! It really made a difference in my fitness goals!
615,Today was the poor day for my proteins. I feel so poor about it.
616,Today was the poor day for my processed foods. I feel so disappointing about it.
617,I amazing my sugar-free session today! It really made a difference in my resistance training!
618,I fantastic my healthy eating session today! It really made a difference in my burpees!
619,Today was the bad day for my personal trainer. I feel so negative about it.
620,Today was the horrible day for my low-fat. I feel so disappointing about it.
621,Today was the horrible day for my calorie surplus. I feel so hate about it.
622,Today was the disappointing day for my food pyramid. I feel so negative about it.
623,I positive my clean eating session today! It really made a difference in my motivation!
624,I excellent my calories session today!
625,I good my calories session today!
626,I excellent my gym session today!
627,I fantastic my squat session today!
628,I positive my vitamins session today! It really made a difference in my recovery!
629,Today was the sad day for my plank. I feel so horrible about it.
630,Today was the worst day for my calories. I feel so horrible about it.
631,Today was the hate day for my intermittent fasting. I feel so worst about it.
632,I amazing my gluten-free session today! It really made a difference in my personal trainer!
633,I happy my deadlift session today! It really made a difference in my strength!
634,Today was the worst day for my workout. I feel so horrible about it.
635,I happy my squat session today! It really made a difference in my flexibility!
636,Today was the negative day for my personal trainer. I feel so horrible about it.
637,Today was the bad day for my intermittent fasting. I feel so disappointing about it.
638,I fantastic my sports session today!
639,I amazing my active lifestyle session today!
640,Today was the worst day for my resistance training. I feel so bad about it.
641,Today was the negative day for my powerlifting. I feel so worst about it.
642,Today was the sad day for my high-protein. I feel so hate about it.
643,Today was the horrible day for my powerlifting. I feel so worst about it.
644,I great my healthy snacks session today!
645,Today was the negative day for my squat. I feel so horrible about it.
646,I good my meal plan session today!
647,I great my muscle session today!
648,Today was the poor day for my workout. I feel so horrible about it.
649,I amazing my deadlift session today! It really made a difference in my core!
650,Today was the negative day for my fitness journey. I feel so horrible about it.
651,Today was the disappointing day for my bodybuilding. I feel so horrible about it.
652,Today was the negative day for my organic. I feel so bad about it.
653,I happy my meal prep session today! It really made a difference in my running!
654,Today was the poor day for my workout. I feel so bad about it.
655,Today was the negative day for my bodyweight exercises. I feel so hate about it.
656,I amazing my motivation session today! It really made a difference in my cycling!
657,I fantastic my meal prep session today!
658,I good my weight loss session today! It really made a difference in my cycling!
659,Today was the horrible day for my calories. I feel so hate about it.
660,I good my detox session today!
661,Today was the poor day for my proteins. I feel so negative about it.
662,Today was the hate day for my recovery. I feel so poor about it.
663,Today was the worst day for my running. I feel so horrible about it.
664,I happy my nutrition session today! It really made a difference in my pilates!
665,Today was the sad day for my food pyramid. I feel so hate about it.
666,I great my whole foods session today! It really made a difference in my flexibility!
667,I positive my bodyweight exercises session today!
668,I positive my fat loss session today! It really made a difference in my core!
669,I good my vitamins session today!
670,Today was the hate day for my weightlifting. I feel so hate about it.
671,Today was the worst day for my calorie surplus. I feel so disappointing about it.
672,I amazing my clean eating session today!
673,I amazing my core session today!
674,Today was the worst day for my keto. I feel so poor about it.
675,Today was the worst day for my portion sizes. I feel so worst about it.
676,Today was the worst day for my cardio. I feel so poor about it.
677,Today was the negative day for my gym. I feel so bad about it.
678,Today was the negative day for my calorie deficit. I feel so poor about it.
679,Today was the bad day for my balanced diet. I feel so hate about it.
680,Today was the sad day for my deadlift. I feel so bad about it.
681,Today was the bad day for my fiber. I feel so sad about it.
682,Today was the disappointing day for my resistance training. I feel so hate about it.
683,I good my fiber session today!
684,Today was the bad day for my low-carb. I feel so hate about it.
685,Today was the disappointing day for my weight loss. I feel so bad about it.
686,Today was the disappointing day for my gym. I feel so hate about it.
687,I amazing my recovery session today! It really made a difference in my weight loss!
688,I happy my portion sizes session today!
689,I great my diet session today! It really made a difference in my health!
690,Today was the disappointing day for my minerals. I feel so poor about it.
691,Today was the horrible day for my dietary restrictions. I feel so worst about it.
692,Today was the poor day for my plank. I feel so poor about it.
693,Today was the poor day for my nutrient-dense. I feel so negative about it.
694,Today was the bad day for my diet. I feel so hate about it.
695,Today was the horrible day for my processed foods. I feel so disappointing about it.
696,I excellent my plank session today!
697,Today was the poor day for my minerals. I feel so bad about it.
698,Today was the bad day for my exercise. I feel so horrible about it.
699,I excellent my sports session today!
700,I happy my sugar-free session today!
701,I excellent my push-up session today!
702,Today was the bad day for my sports. I feel so horrible about it.
703,Today was the bad day for my portion sizes. I feel so horrible about it.
704,I excellent my bodyweight exercises session today!
705,Today was the sad day for my vegetarian. I feel so poor about it.
706,Today was the poor day for my muscle. I feel so sad about it.
707,I happy my weight loss session today! It really made a difference in my calisthenics!
708,I good my muscle session today! It really made a difference in my plank!
709,I amazing my yoga session today! It really made a difference in my healthy lifestyle!
710,I excellent my calorie deficit session today! It really made a difference in my fitness!
711,I good my fit session today! It really made a difference in my training!
712,I amazing my whole foods session today! It really made a difference in my healthy lifestyle!
713,I positive my weight loss session today!
714,I positive my gmo-free session today!
715,I fantastic my deadlift session today! It really made a difference in my burpees!
716,Today was the disappointing day for my calorie deficit. I feel so poor about it.
717,Today was the horrible day for my minerals. I feel so horrible about it.
718,Today was the sad day for my muscle gain. I feel so bad about it.
719,I amazing my flexibility session today!
720,I great my stamina session today!
721,I excellent my weight loss session today!
722,Today was the horrible day for my weightlifting. I feel so hate about it.
723,Today was the hate day for my minerals. I feel so poor about it.
724,Today was the disappointing day for my muscle. I feel so poor about it.
725,I excellent my calisthenics session today!
726,I great my yoga session today! It really made a difference in my healthy lifestyle!
727,I fantastic my food diary session today! It really made a difference in my stamina!
728,Today was the worst day for my high-protein. I feel so negative about it.
729,I amazing my yoga session today!
730,I good my superfoods session today! It really made a difference in my workout!
731,I happy my plank session today! It really made a difference in my motivation!
732,I love my plank session today! It really made a difference in my weight loss!
733,I amazing my weight loss session today!
734,Today was the horrible day for my plank. I feel so poor about it.
735,Today was the worst day for my muscle gain. I feel so bad about it.
736,Today was the worst day for my weightlifting. I feel so bad about it.
737,Today was the disappointing day for my performance. I feel so poor about it.
738,I love my deadlift session today! It really made a difference in my deadlift!
739,I great my minerals session today! It really made a difference in my strength training!
740,I great my vitamins session today!
741,Today was the bad day for my dietary restrictions. I feel so horrible about it.
742,Today was the horrible day for my keto. I feel so horrible about it.
743,I good my health session today!
744,Today was the horrible day for my gym. I feel so poor about it.
745,Today was the bad day for my powerlifting. I feel so negative about it.
746,Today was the bad day for my sports. I feel so negative about it.
747,Today was the horrible day for my pilates. I feel so worst about it.
748,I amazing my fitness journey session today! It really made a difference in my health!
749,Today was the negative day for my training. I feel so hate about it.
750,I fantastic my water intake session today! It really made a difference in my cycling!
751,I fantastic my whole foods session today! It really made a difference in my plank!
752,I amazing my antioxidants session today! It really made a difference in my motivation!
753,I good my gluten-free session today! It really made a difference in my strength!
754,I excellent my calories session today!
755,I positive my healthy lifestyle session today!
756,Today was the horrible day for my gluten-free. I feel so negative about it.
757,Today was the horrible day for my health. I feel so sad about it.
758,I great my calories session today! It really made a difference in my performance!
759,Today was the sad day for my antioxidants. I feel so hate about it.
760,I fantastic my weightlifting session today!
761,Today was the bad day for my Mediterranean diet. I feel so negative about it.
762,I good my fats session today!
763,Today was the poor day for my push-up. I feel so hate about it.
764,I positive my push-up session today! It really made a difference in my muscle gain!
765,I excellent my fitness session today!
766,I love my minerals session today!
767,I amazing my dietary restrictions session today! It really made a difference in my weight loss!
768,Today was the hate day for my vitamins. I feel so bad about it.
769,Today was the poor day for my workout. I feel so horrible about it.
770,I good my plank session today! It really made a difference in my active lifestyle!
771,I happy my meal prep session today! It really made a difference in my health!
772,I positive my exercise session today!
773,Today was the negative day for my detox. I feel so sad about it.
774,I good my low-carb session today! It really made a difference in my wellness!
775,Today was the sad day for my gym. I feel so horrible about it.
776,I love my core session today!
777,I great my whole foods session today! It really made a difference in my cardiovascular!
778,I great my core session today!
779,Today was the poor day for my hiit. I feel so worst about it.
780,Today was the disappointing day for my healthy lifestyle. I feel so negative about it.
781,I good my recovery session today!
782,I good my stretching session today!
783,I positive my cardio session today!
784,I great my nutrition session today! It really made a difference in my push-up!
785,Today was the disappointing day for my hydration. I feel so horrible about it.
786,Today was the disappointing day for my cycling. I feel so negative about it.
787,Today was the disappointing day for my gym. I feel so disappointing about it.
788,I amazing my resistance training session today! It really made a difference in my exercise!
789,Today was the bad day for my sugar-free. I feel so worst about it.
790,Today was the worst day for my dietary restrictions. I feel so sad about it.
791,I great my water intake session today! It really made a difference in my muscle!
792,I fantastic my fitness goals session today!
793,Today was the worst day for my healthy snacks. I feel so bad about it.
794,Today was the poor day for my training. I feel so bad about it.
795,Today was the sad day for my macronutrients. I feel so negative about it.
796,I amazing my calisthenics session today!
797,I positive my wellness session today! It really made a difference in my training!
798,I positive my cycling session today!
799,I happy my recovery session today!
800,Today was the worst day for my organic. I feel so bad about it.
801,I great my resistance training session today!
802,I positive my fats session today!
803,I happy my nutrient-dense session today! It really made a difference in my squat!
804,Today was the hate day for my sports. I feel so horrible about it.
805,Today was the poor day for my calorie deficit. I feel so sad about it.
806,I positive my bodyweight exercises session today!
807,Today was the poor day for my hydration. I feel so horrible about it.
808,Today was the poor day for my food pyramid. I feel so disappointing about it.
809,I positive my aerobics session today!
810,Today was the hate day for my fitness journey. I feel so disappointing about it.
811,Today was the hate day for my whole foods. I feel so negative about it.
812,Today was the horrible day for my health. I feel so negative about it.
813,I love my running session today!
814,I happy my flexibility session today! It really made a difference in my strength!
815,I great my cycling session today! It really made a difference in my plank!
816,I love my fitness session today!
817,I great my carbohydrates session today!
818,Today was the sad day for my calorie surplus. I feel so worst about it.
819,I fantastic my healthy snacks session today! It really made a difference in my training!
820,Today was the sad day for my nutrition labels. I feel so sad about it.
821,Today was the poor day for my exercise. I feel so horrible about it.
822,I amazing my water intake session today!
823,Today was the bad day for my intermittent fasting. I feel so hate about it.
824,I excellent my recovery session today! It really made a difference in my training!
825,Today was the negative day for my training. I feel so disappointing about it.
826,I love my stretching session today! It really made a difference in my healthy lifestyle!
827,Today was the hate day for my keto. I feel so negative about it.
828,I happy my performance session today! It really made a difference in my yoga!
829,Today was the hate day for my balanced diet. I feel so horrible about it.
830,Today was the poor day for my weightlifting. I feel so horrible about it.
831,I amazing my core session today! It really made a difference in my cycling!
832,Today was the worst day for my vitamins. I feel so worst about it.
833,I excellent my nutrition session today! It really made a difference in my bodybuilding!
834,I fantastic my bodybuilding session today!
835,Today was the disappointing day for my dietary restrictions. I feel so worst about it.
836,Today was the poor day for my high-protein. I feel so negative about it.
837,I positive my meal plan session today! It really made a difference in my active lifestyle!
838,I happy my calorie deficit session today! It really made a difference in my pilates!
839,I positive my bodybuilding session today! It really made a difference in my push-up!
840,I positive my carbohydrates session today!
841,I positive my vegetarian session today! It really made a difference in my deadlift!
842,Today was the negative day for my vitamins. I feel so horrible about it.
843,Today was the poor day for my performance. I feel so sad about it.
844,I fantastic my bodybuilding session today! It really made a difference in my burpees!
845,Today was the worst day for my squat. I feel so negative about it.
846,Today was the worst day for my minerals. I feel so sad about it.
847,Today was the horrible day for my gluten-free. I feel so poor about it.
848,Today was the worst day for my muscle gain. I feel so worst about it.
849,Today was the hate day for my minerals. I feel so worst about it.
850,Today was the bad day for my aerobics. I feel so worst about it.
851,Today was the poor day for my fiber. I feel so horrible about it.
852,Today was the hate day for my superfoods. I feel so horrible about it.
853,Today was the hate day for my fit. I feel so disappointing about it.
854,Today was the sad day for my dietary restrictions. I feel so disappointing about it.
855,I excellent my low-sodium session today!
856,I love my fiber session today!
857,Today was the bad day for my processed foods. I feel so poor about it.
858,I positive my pilates session today! It really made a difference in my fitness goals!
859,Today was the negative day for my pilates. I feel so disappointing about it.
860,Today was the negative day for my vegan. I feel so poor about it.
861,I love my weightlifting session today!
862,Today was the bad day for my gym. I feel so hate about it.
863,I excellent my nutrition labels session today! It really made a difference in my flexibility!
864,I positive my organic session today! It really made a difference in my active lifestyle!
865,I positive my weight loss session today! It really made a difference in my muscle!
866,Today was the horrible day for my fiber. I feel so disappointing about it.
867,Today was the disappointing day for my exercise. I feel so disappointing about it.
868,Today was the hate day for my healthy lifestyle. I feel so horrible about it.
869,Today was the sad day for my weight loss. I feel so horrible about it.
870,I amazing my push-up session today!
871,Today was the hate day for my stretching. I feel so worst about it.
872,Today was the negative day for my sugar-free. I feel so worst about it.
873,I happy my fit session today! It really made a difference in my wellness!
874,Today was the horrible day for my hydration. I feel so poor about it.
875,Today was the poor day for my vegan. I feel so hate about it.
876,Today was the negative day for my hydration. I feel so poor about it.
877,I love my micronutrients session today! It really made a difference in my motivation!
878,Today was the disappointing day for my processed foods. I feel so horrible about it.
879,Today was the hate day for my portion sizes. I feel so sad about it.
880,Today was the poor day for my micronutrients. I feel so hate about it.
881,I amazing my portion sizes session today!
882,I happy my vegan session today! It really made a difference in my cardio!
883,I amazing my calories session today! It really made a difference in my stamina!
884,Today was the negative day for my sugar-free. I feel so sad about it.
885,Today was the poor day for my nutrition labels. I feel so poor about it.
886,I excellent my low-fat session today! It really made a difference in my squat!
887,I positive my stamina session today! It really made a difference in my muscle!
888,I love my active lifestyle session today!
889,I love my keto session today! It really made a difference in my personal trainer!
890,I great my minerals session today! It really made a difference in my cardio!
891,Today was the negative day for my core. I feel so poor about it.
892,I happy my low-carb session today!
893,I great my weight loss session today! It really made a difference in my plank!
894,Today was the poor day for my resistance training. I feel so sad about it.
895,Today was the poor day for my weight loss. I feel so horrible about it.
896,I amazing my wellness session today!
897,I amazing my fit session today!
898,I positive my weight loss session today!
899,Today was the hate day for my balanced diet. I feel so worst about it.
900,Today was the bad day for my motivation. I feel so hate about it.
901,Today was the negative day for my motivation. I feel so disappointing about it.
902,Today was the hate day for my personal trainer. I feel so poor about it.
903,I fantastic my yoga session today!
904,I excellent my health session today!
905,I excellent my gluten-free session today!
906,Today was the horrible day for my portion sizes. I feel so horrible about it.
907,I happy my diet session today!
908,Today was the sad day for my pilates. I feel so sad about it.
909,I amazing my healthy snacks session today! It really made a difference in my powerlifting!
910,I excellent my detox session today! It really made a difference in my stretching!
911,I happy my yoga session today!
912,I good my fat loss session today!
913,Today was the disappointing day for my calories. I feel so bad about it.
914,I fantastic my vegetarian session today! It really made a difference in my exercise!
915,I positive my Mediterranean diet session today!
916,Today was the negative day for my fat loss. I feel so disappointing about it.
917,Today was the sad day for my health. I feel so bad about it.
918,Today was the worst day for my superfoods. I feel so bad about it.
919,Today was the bad day for my flexibility. I feel so sad about it.
920,Today was the sad day for my fit. I feel so hate about it.
921,Today was the horrible day for my minerals. I feel so horrible about it.
922,Today was the bad day for my stamina. I feel so horrible about it.
923,Today was the horrible day for my push-up. I feel so bad about it.
924,I positive my core session today! It really made a difference in my strength!
925,I amazing my gym session today!
926,I great my superfoods session today!
927,I positive my gluten-free session today! It really made a difference in my running!
928,Today was the disappointing day for my cycling. I feel so hate about it.
929,I excellent my aerobics session today! It really made a difference in my yoga!
930,Today was the sad day for my vitamins. I feel so sad about it.
931,Today was the sad day for my detox. I feel so sad about it.
932,I amazing my high-protein session today! It really made a difference in my muscle!
933,Today was the hate day for my pilates. I feel so negative about it.
934,Today was the bad day for my powerlifting. I feel so poor about it.
935,Today was the disappointing day for my strength. I feel so sad about it.
936,Today was the worst day for my core. I feel so poor about it.
937,I good my whole foods session today! It really made a difference in my active lifestyle!
938,I amazing my fitness session today!
939,Today was the sad day for my diet. I feel so disappointing about it.
940,Today was the negative day for my vegetarian. I feel so disappointing about it.
941,I fantastic my fiber session today!
942,Today was the sad day for my diet. I feel so sad about it.
943,I good my hiit session today! It really made a difference in my burpees!
944,I good my muscle gain session today!
945,Today was the poor day for my fiber. I feel so horrible about it.
946,I happy my healthy snacks session today!
947,Today was the sad day for my Mediterranean diet. I feel so bad about it.
948,I good my keto session today! It really made a difference in my muscle gain!
949,Today was the hate day for my gym. I feel so disappointing about it.
950,Today was the disappointing day for my powerlifting. I feel so negative about it.
951,I happy my sports session today!
952,Today was the worst day for my squat. I feel so worst about it.
953,I happy my low-sodium session today! It really made a difference in my bodybuilding!
954,I good my strength training session today!
955,Today was the bad day for my flexibility. I feel so horrible about it.
956,I great my detox session today! It really made a difference in my workout!
957,I happy my health session today!
958,Today was the poor day for my personal trainer. I feel so sad about it.
959,I happy my vitamins session today! It really made a difference in my bodybuilding!
960,I excellent my organic session today!
961,Today was the sad day for my weightlifting. I feel so negative about it.
962,I love my clean eating session today! It really made a difference in my hiit!
963,Today was the poor day for my gmo-free. I feel so negative about it.
964,I amazing my dietary restrictions session today!
965,I fantastic my calorie surplus session today! It really made a difference in my workout!
966,I great my vegetarian session today! It really made a difference in my aerobics!
967,I excellent my dietary restrictions session today!
968,I fantastic my strength training session today!
969,Today was the negative day for my aerobics. I feel so horrible about it.
970,Today was the negative day for my portion sizes. I feel so poor about it.
971,I happy my strength training session today! It really made a difference in my weight loss!
972,I good my cardio session today! It really made a difference in my health!
973,I love my sugar-free session today!
974,Today was the horrible day for my healthy snacks. I feel so bad about it.
975,I excellent my carbohydrates session today! It really made a difference in my health!
976,I good my vegetarian session today! It really made a difference in my hiit!
977,I great my muscle gain session today! It really made a difference in my recovery!
978,Today was the sad day for my bodybuilding. I feel so disappointing about it.
979,I happy my personal trainer session today!
980,Today was the disappointing day for my fitness. I feel so disappointing about it.
981,Today was the disappointing day for my fitness goals. I feel so sad about it.
982,I happy my minerals session today!
983,I fantastic my sports session today!
984,Today was the bad day for my weightlifting. I feel so horrible about it.
985,I happy my exercise session today!
986,I fantastic my low-carb session today! It really made a difference in my gym!
987,I love my meal plan session today!
988,I amazing my portion control session today!
989,Today was the hate day for my meal prep. I feel so negative about it.
990,I great my high-protein session today! It really made a difference in my core!
991,Today was the disappointing day for my running. I feel so worst about it.
992,Today was the sad day for my workout. I feel so disappointing about it.
993,Today was the bad day for my high-protein. I feel so sad about it.
994,Today was the disappointing day for my personal trainer. I feel so negative about it.
995,I love my organic session today!
996,Today was the bad day for my healthy snacks. I feel so poor about it.
997,Today was the worst day for my bodyweight exercises. I feel so disappointing about it.
998,Today was the disappointing day for my fit. I feel so sad about it.
999,I amazing my macronutrients session today!
1000,I excellent my healthy eating session today!
1001,"Hi,{788}hjd bad sorry[]/."
1002,"Hi,{788}hjd bad sorry[]/."
1003,"Hi,{788}hjd bad sorry[]/."
